{"type":"FeatureCollection","metadata":{"generatedAt":"2026-09-21T14:14:23.634Z","source":"ESRIジャパン株式会社・気象庁","baseLayer":0,"supplementalLayer":1,"supplementalForecastAreas":["810108010400","810108016600","810108010401","830304004900","880801000200","880802000103","890907000103"]},"features":[{"type":"Feature","properties":{"FAREACODE":"810101000100","RIVERNAME":"天塩川","sourceLayer":0},"geometry":{"type":"MultiLineString","coordinates":[[[141.73769,44.8785],[141.73852,44.89022],[141.71513,44.9539],[141.72982,44.96456],[141.7462,44.96875],[141.76516,44.98557],[141.77733,44.98385],[141.78437,44.98918],[141.80113,44.99243],[141.82566,44.9921],[141.83259,44.98912],[141.85324,44.99344],[141.86081,44.99027],[141.86436,44.9784],[141.8738,44.96776],[141.87589,44.92959],[141.91654,44.91942],[141.91888,44.91588],[141.90994,44.91],[141.91046,44.9065],[141.92156,44.90523],[141.9487,44.91164],[141.95562,44.89814],[141.96694,44.90231],[141.9776,44.91318],[141.98877,44.91671],[141.99952,44.89896],[142.01721,44.89512],[142.02745,44.88418],[142.04966,44.87708],[142.0502,44.86628],[142.06318,44.85958],[142.06297,44.8499],[142.07767,44.83888],[142.07135,44.82769],[142.07109,44.79404],[142.05855,44.78082],[142.06868,44.77291],[142.04846,44.7532],[142.04311,44.74089],[142.04609,44.73677],[142.0697,44.7301],[142.08291,44.73286],[142.1044,44.73033],[142.11514,44.73354],[142.1161,44.74914],[142.1259,44.75259],[142.13295,44.74732],[142.13757,44.73664],[142.16345,44.73119],[142.16718,44.72543],[142.17321,44.72406],[142.18399,44.74244],[142.19364,44.73438],[142.21347,44.73263],[142.22406,44.7257],[142.23201,44.72663],[142.24539,44.7224],[142.24822,44.73055],[142.25483,44.72758],[142.27123,44.71064],[142.26225,44.69939],[142.26112,44.68386],[142.25566,44.6764],[142.25396,44.66374],[142.26272,44.65815],[142.25631,44.64169],[142.27088,44.6368],[142.2804,44.62249],[142.30103,44.61501],[142.30663,44.60332],[142.29336,44.60365],[142.29074,44.59645],[142.31252,44.59024],[142.31669,44.57784],[142.33019,44.56615],[142.33288,44.55284],[142.3286,44.54032],[142.33684,44.53062],[142.31092,44.52128],[142.32519,44.50615],[142.33502,44.50233],[142.33112,44.48738],[142.33575,44.47706],[142.32998,44.47274],[142.33476,44.46812],[142.33301,44.46043],[142.34447,44.45352],[142.35283,44.45595],[142.38744,44.45329],[142.41589,44.44637],[142.43015,44.43664],[142.44291,44.43276],[142.44689,44.41901],[142.46035,44.41679],[142.47488,44.40588],[142.4493,44.37989],[142.43919,44.35549],[142.44114,44.34245],[142.43778,44.33819],[142.42795,44.33378],[142.4121,44.33261],[142.37651,44.31134],[142.36571,44.30043],[142.36446,44.29433],[142.37099,44.28582],[142.34958,44.26827],[142.3584,44.2494],[142.35834,44.21703],[142.36855,44.20623],[142.37773,44.20377],[142.39162,44.19209],[142.40328,44.18999],[142.41093,44.1928],[142.41538,44.19016],[142.41317,44.18156],[142.42146,44.16701],[142.43827,44.15516],[142.44648,44.1413],[142.46455,44.13125],[142.471,44.13399],[142.47513,44.12935],[142.48568,44.12844],[142.4936,44.1235],[142.5239,44.12422],[142.54624,44.1149],[142.55397,44.11357],[142.55952,44.11623],[142.58728,44.10912],[142.59733,44.10939],[142.60311,44.11339],[142.62976,44.11287],[142.64276,44.12404],[142.65612,44.12738],[142.67066,44.12769],[142.68821,44.11765],[142.70162,44.11676]],[[141.9227,44.9055],[141.92555,44.89959],[141.91371,44.88573]],[[141.99054,44.91553],[141.99679,44.9136],[142.00452,44.91796],[142.01494,44.91722],[142.03126,44.92834]],[[142.35632,44.22177],[142.35266,44.20572]]]}},{"type":"Feature","properties":{"FAREACODE":"810101008500","RIVERNAME":"名寄川","sourceLayer":0},"geometry":{"type":"LineString","coordinates":[[142.45745,44.38783],[142.4577,44.375],[142.475,44.36431],[142.47967,44.35034],[142.49224,44.34479],[142.48176,44.33754],[142.48223,44.33175],[142.49766,44.33743],[142.5155,44.3376],[142.52175,44.33105],[142.53676,44.32935],[142.54375,44.32265],[142.5518,44.32192],[142.56327,44.31474],[142.58382,44.31975],[142.59599,44.31822],[142.6112,44.31156],[142.62116,44.31245],[142.63134,44.30677],[142.64336,44.3065],[142.64919,44.30108],[142.66279,44.29699],[142.6829,44.30094],[142.68886,44.30927],[142.71584,44.32033],[142.72789,44.32105],[142.74074,44.31726],[142.75754,44.32085]]}},{"type":"Feature","properties":{"FAREACODE":"810102000100","RIVERNAME":"留萌川","sourceLayer":0},"geometry":{"type":"LineString","coordinates":[[141.641,43.96016],[141.64534,43.9509],[141.67265,43.93122],[141.67455,43.92584],[141.68578,43.92047],[141.69452,43.92213],[141.69979,43.91864],[141.69313,43.91041],[141.70545,43.9021],[141.70548,43.89383],[141.71643,43.888],[141.72065,43.88054],[141.72848,43.88126],[141.72974,43.87538],[141.74033,43.87017],[141.73837,43.86418],[141.74953,43.86226],[141.75112,43.8583],[141.75781,43.85924],[141.76394,43.85253],[141.76213,43.84054],[141.78139,43.85136],[141.79421,43.84844],[141.8106,43.85066]]}},{"type":"Feature","properties":{"FAREACODE":"810103000101","RIVERNAME":"石狩川上流","sourceLayer":0},"geometry":{"type":"LineString","coordinates":[[142.17563,43.7306],[142.20104,43.73231],[142.21687,43.72612],[142.2406,43.7372],[142.24086,43.74995],[142.24621,43.75785],[142.25468,43.7542],[142.2735,43.75626],[142.27761,43.77465],[142.29919,43.78799],[142.31707,43.78847],[142.33303,43.77855],[142.35429,43.77777],[142.36896,43.78094],[142.38124,43.79382],[142.3991,43.79883],[142.40951,43.81241],[142.42725,43.81801],[142.43909,43.83094],[142.4649,43.8392],[142.49192,43.85516],[142.52211,43.89247],[142.53549,43.89764],[142.55237,43.89526],[142.56426,43.90053],[142.57391,43.89945],[142.5794,43.9051],[142.59431,43.90619],[142.61034,43.90048],[142.63324,43.90013],[142.64858,43.8947],[142.69865,43.864],[142.70193,43.85482],[142.69732,43.85168],[142.70164,43.84593],[142.72235,43.85089],[142.7319,43.84573],[142.74373,43.84696],[142.75271,43.8428],[142.78444,43.83928],[142.78963,43.8344]]}},{"type":"Feature","properties":{"FAREACODE":"810103025001","RIVERNAME":"空知川上流","sourceLayer":0},"geometry":{"type":"LineString","coordinates":[[142.35586,43.36724],[142.36993,43.3594],[142.37485,43.34161],[142.38737,43.33779],[142.39269,43.33251],[142.38688,43.31759],[142.39576,43.29966],[142.38871,43.28537],[142.39637,43.26096],[142.39202,43.25326],[142.39387,43.24735],[142.38831,43.24512],[142.39021,43.23713],[142.38365,43.22909],[142.37557,43.2283],[142.37332,43.22111],[142.41617,43.21066],[142.41874,43.19574],[142.4322,43.18854],[142.43056,43.18149],[142.42455,43.1793],[142.42664,43.15798],[142.41875,43.15313],[142.42225,43.14774],[142.41651,43.1384],[142.42122,43.13083],[142.43506,43.13537]]}},{"type":"Feature","properties":{"FAREACODE":"810103040900","RIVERNAME":"忠別川","sourceLayer":0},"geometry":{"type":"LineString","coordinates":[[142.32831,43.7796],[142.33933,43.76742],[142.35482,43.76323],[142.36882,43.75119],[142.41731,43.724],[142.44687,43.71523],[142.4566,43.7058],[142.4697,43.70302],[142.4758,43.69789],[142.49619,43.69577],[142.52548,43.68382],[142.54542,43.67235],[142.55894,43.65652],[142.58833,43.64861],[142.62322,43.62921]]}},{"type":"Feature","properties":{"FAREACODE":"810103041000","RIVERNAME":"美瑛川","sourceLayer":0},"geometry":{"type":"LineString","coordinates":[[142.33448,43.7712],[142.36077,43.73378],[142.36994,43.69521],[142.37907,43.67766],[142.39255,43.66801],[142.39344,43.6544],[142.39985,43.64967],[142.38815,43.63806],[142.39162,43.62568],[142.40275,43.63159],[142.41149,43.6258],[142.41099,43.61847],[142.40072,43.61304],[142.40267,43.60415],[142.39898,43.59419],[142.4129,43.59377],[142.4165,43.58748],[142.42724,43.58811],[142.42879,43.58457],[142.43454,43.58807],[142.43462,43.58331],[142.4478,43.59017],[142.49924,43.57469],[142.5092,43.56973],[142.51771,43.55667],[142.53215,43.55096],[142.54978,43.53367],[142.583,43.51484]]}},{"type":"Feature","properties":{"FAREACODE":"810103044200","RIVERNAME":"牛朱別川","sourceLayer":0},"geometry":{"type":"LineString","coordinates":[[142.35943,43.77844],[142.37833,43.77138],[142.41668,43.77491],[142.44085,43.78766],[142.45585,43.7883],[142.46818,43.79285],[142.47872,43.8037]]}},{"type":"Feature","properties":{"FAREACODE":"810110000100","RIVERNAME":"網走川","sourceLayer":0},"geometry":{"type":"MultiLineString","coordinates":[[[144.27757,44.02328],[144.24931,44.02198],[144.24054,44.01603],[144.22389,44.01365],[144.22158,44.00995],[144.23166,44.00975],[144.225,44.002]],[[144.164,43.931],[144.167,43.926],[144.162,43.928],[144.158,43.925],[144.161,43.918],[144.177,43.919],[144.181,43.925],[144.176,43.936],[144.181,43.943],[144.177,43.951],[144.187,43.957],[144.201,43.96],[144.196,43.968],[144.2,43.991],[144.216,43.997],[144.211,43.981],[144.214,43.976],[144.22,43.985],[144.218,43.991],[144.225,44.002],[144.209,44.008],[144.191,44.007],[144.169,43.998],[144.149,43.963],[144.132,43.956],[144.125,43.941],[144.127,43.937],[144.145,43.941],[144.152,43.934],[144.158,43.935],[144.164,43.931]],[[144.168,43.929],[144.15732,43.92845],[144.1392,43.9104],[144.12789,43.89233],[144.13209,43.87489],[144.11996,43.86417],[144.11539,43.84865],[144.10006,43.84108],[144.08901,43.82195],[144.08074,43.81912],[144.07517,43.80896],[144.0738,43.78407],[144.0622,43.76915],[144.06535,43.7578],[144.05707,43.75444],[144.05299,43.74808],[144.04649,43.7477],[144.03854,43.73506],[144.02791,43.73549],[144.0274,43.73017],[144.01641,43.72617],[144.01415,43.71976],[144.00763,43.71827],[144.01337,43.70213]]]}},{"type":"Feature","properties":{"FAREACODE":"810110001000","RIVERNAME":"美幌川","sourceLayer":0},"geometry":{"type":"LineString","coordinates":[[144.11539,43.84865],[144.1147,43.83576],[144.12827,43.82104],[144.13359,43.82007]]}},{"type":"Feature","properties":{"FAREACODE":"810111000100","RIVERNAME":"常呂川","sourceLayer":0},"geometry":{"type":"LineString","coordinates":[[144.08141,44.12435],[144.07199,44.12063],[144.0731,44.10559],[144.06359,44.10083],[144.06029,44.10304],[144.05664,44.09401],[144.04906,44.0931],[144.03727,44.0841],[144.03886,44.07298],[144.04307,44.06972],[144.02726,44.04469],[144.01855,44.04416],[144.01497,44.03809],[144.00855,44.03825],[144.00645,44.03265],[143.99605,44.02892],[143.9976,44.01976],[143.98652,44.01221],[143.98073,44.00241],[143.95633,43.99765],[143.95437,43.98033],[143.94172,43.95854],[143.97344,43.92375],[143.96301,43.91581],[143.96822,43.90472],[143.96166,43.9013],[143.95893,43.89458],[143.96605,43.86649],[143.95923,43.86],[143.95308,43.84268],[143.93473,43.82215],[143.91201,43.80543],[143.91122,43.79829],[143.90295,43.79277],[143.90153,43.78676],[143.87472,43.7744],[143.87108,43.76381],[143.83861,43.7538],[143.81575,43.73838],[143.79183,43.73468],[143.78413,43.72847],[143.77213,43.72821],[143.7503,43.72195],[143.71979,43.72563],[143.69249,43.71919],[143.68227,43.71143],[143.66892,43.71404],[143.65915,43.71164],[143.64164,43.69923],[143.62105,43.69433],[143.61318,43.68593],[143.59848,43.68164],[143.58884,43.67246],[143.56633,43.66981],[143.55584,43.65681],[143.54883,43.65489]]}},{"type":"Feature","properties":{"FAREACODE":"810111002400","RIVERNAME":"無加川","sourceLayer":0},"geometry":{"type":"LineString","coordinates":[[143.90295,43.79277],[143.89232,43.78794],[143.85633,43.79353],[143.8449,43.79115],[143.82443,43.79655]]}},{"type":"Feature","properties":{"FAREACODE":"810112000100","RIVERNAME":"湧別川","sourceLayer":0},"geometry":{"type":"LineString","coordinates":[[143.62094,44.23244],[143.6096,44.23286],[143.59959,44.22642],[143.59717,44.21089],[143.58837,44.19346],[143.567,44.17906],[143.54182,44.15032],[143.53889,44.11875],[143.54862,44.10715],[143.54448,44.09679],[143.53622,44.09158],[143.53781,44.06162],[143.5301,44.05415],[143.51689,44.05191],[143.5069,44.0425],[143.50409,44.02867],[143.48848,44.02732],[143.47409,44.02188]]}},{"type":"Feature","properties":{"FAREACODE":"810113000100","RIVERNAME":"渚滑川","sourceLayer":0},"geometry":{"type":"LineString","coordinates":[[143.32298,44.3804],[143.30198,44.38144],[143.27714,44.3686],[143.27219,44.34734],[143.27644,44.34459],[143.28468,44.32098],[143.27992,44.30443],[143.28281,44.29708],[143.27808,44.29294],[143.28099,44.28578],[143.27567,44.28027],[143.27738,44.27526],[143.2667,44.26723],[143.26196,44.25237],[143.24611,44.23631],[143.24611,44.2202],[143.24021,44.21443],[143.23096,44.21426]]}},{"type":"Feature","properties":{"FAREACODE":"810108000100","RIVERNAME":"十勝川","sourceLayer":0},"geometry":{"type":"MultiLineString","coordinates":[[[143.6705,42.69565],[143.64124,42.69409],[143.61848,42.69929],[143.59818,42.71159],[143.59238,42.7296],[143.59504,42.74589],[143.57151,42.74869],[143.56496,42.76687],[143.54327,42.77893],[143.53677,42.78898],[143.51372,42.80344],[143.44339,42.87347],[143.42862,42.89534],[143.41014,42.91104],[143.38159,42.92519],[143.38285,42.93544],[143.37916,42.94094],[143.36616,42.94294],[143.35931,42.94019],[143.33287,42.93967],[143.3105,42.92389],[143.28589,42.93297],[143.26956,42.93329],[143.25641,42.94153],[143.24374,42.94051],[143.23969,42.93697],[143.20194,42.93544],[143.19228,42.94629],[143.18442,42.94794],[143.0537,42.92751],[143.0341,42.92964],[143.0082,42.94123],[142.98924,42.94132],[142.98068,42.94543],[142.96227,42.9563],[142.94901,42.97021],[142.94861,42.99699],[142.93501,43.00547],[142.93417,43.01902],[142.9396,43.02991],[142.93411,43.03686],[142.93556,43.04722],[142.92444,43.07563],[142.92777,43.07845],[142.92615,43.08687],[142.91785,43.0948],[142.92018,43.10521],[142.9164,43.11313]],[[143.24617,42.93201],[143.20735,42.93108]]]}},{"type":"Feature","properties":{"FAREACODE":"810108003400","RIVERNAME":"利別川","sourceLayer":0},"geometry":{"type":"LineString","coordinates":[[143.4595,42.85928],[143.45169,42.88493],[143.45262,42.91151],[143.44193,42.92348],[143.44218,42.93064],[143.43675,42.93703],[143.43829,42.9533],[143.44606,42.96267],[143.44582,42.97749],[143.45092,42.98475],[143.44535,43.00379],[143.44941,43.01052],[143.44339,43.01867],[143.443,43.02811],[143.45039,43.03177],[143.45419,43.04615],[143.4606,43.05052],[143.46393,43.05984],[143.47095,43.06259],[143.48369,43.07668],[143.49614,43.078],[143.51783,43.10314],[143.53588,43.11037],[143.54212,43.11895],[143.56617,43.11116],[143.58723,43.11386],[143.6075,43.12207],[143.60591,43.13037],[143.61388,43.13741],[143.6006,43.14146]]}},{"type":"Feature","properties":{"FAREACODE":"810108011400","RIVERNAME":"札内川","sourceLayer":0},"geometry":{"type":"LineString","coordinates":[[143.26956,42.93329],[143.24692,42.93276],[143.228,42.92353],[143.22976,42.91262],[143.21415,42.89949],[143.20869,42.874],[143.20077,42.86952],[143.19588,42.85316],[143.18411,42.83585],[143.17248,42.83079],[143.16119,42.8182],[143.15298,42.80315],[143.15391,42.79705],[143.1383,42.78278],[143.13581,42.77149],[143.14584,42.76355],[143.14742,42.75154],[143.15483,42.74053],[143.14916,42.72625],[143.13441,42.71898],[143.12522,42.70313],[143.1165,42.69975],[143.10171,42.6862],[143.10534,42.67233],[143.10311,42.65997],[143.09276,42.64926],[143.09334,42.64461],[143.07982,42.63669],[143.06284,42.61387],[143.04216,42.61318]]}},{"type":"Feature","properties":{"FAREACODE":"810108013900","RIVERNAME":"音更川","sourceLayer":0},"geometry":{"type":"LineString","coordinates":[[143.21484,42.93651],[143.20952,42.94145],[143.22014,42.9717],[143.22,42.98244],[143.21165,42.99575],[143.20526,42.99801],[143.20539,43.00559],[143.19851,43.00877],[143.19239,43.03164],[143.19614,43.04664],[143.19393,43.06055],[143.20154,43.07619],[143.19905,43.082],[143.21554,43.12475],[143.21514,43.16615],[143.22321,43.18793]]}},{"type":"Feature","properties":{"FAREACODE":"810109000100","RIVERNAME":"釧路川・新釧路川","sourceLayer":0},"geometry":{"type":"MultiLineString","coordinates":[[[144.42478,43.08351],[144.4297,43.0866],[144.43118,43.0941],[144.437,43.09501],[144.43499,43.09801],[144.44241,43.09983],[144.44202,43.10561],[144.46185,43.10103],[144.47054,43.10732],[144.46323,43.1168],[144.47727,43.12606],[144.47771,43.13449],[144.48364,43.13988],[144.48141,43.15052],[144.48805,43.15397],[144.48784,43.1575],[144.4795,43.16008],[144.48328,43.16846],[144.47214,43.18208],[144.48037,43.19137],[144.47575,43.20051],[144.4939,43.20854],[144.49867,43.20709],[144.52898,43.22752],[144.54007,43.24377],[144.56072,43.2525],[144.57158,43.26399],[144.57427,43.27344],[144.58562,43.27807],[144.58712,43.28932],[144.60159,43.29669],[144.60871,43.3083],[144.6061,43.32468],[144.59732,43.32964],[144.58385,43.3489],[144.5565,43.36043],[144.53248,43.37755],[144.53372,43.38352],[144.52659,43.39134],[144.52779,43.40334],[144.51279,43.41467],[144.50878,43.43123],[144.4969,43.44144],[144.4973,43.45358],[144.48461,43.45633],[144.47182,43.4702],[144.47144,43.48329],[144.45701,43.4886],[144.45021,43.48634],[144.45025,43.48969],[144.44237,43.49278]],[[144.35902,42.99799],[144.40446,43.06658],[144.42478,43.08351]]]}},{"type":"Feature","properties":{"FAREACODE":"810106000100","RIVERNAME":"鵡川","sourceLayer":0},"geometry":{"type":"LineString","coordinates":[[141.91766,42.55829],[141.93617,42.56665],[141.93547,42.5764],[141.94032,42.58159],[141.95054,42.5846],[141.95333,42.59096],[141.97229,42.59143],[141.98761,42.58763],[142.00165,42.57348],[142.0064,42.57339],[142.0169,42.58185],[142.02389,42.58232],[142.0303,42.59061],[142.04882,42.59441],[142.06175,42.60636],[142.06735,42.60666],[142.07341,42.60155],[142.08838,42.60354],[142.08153,42.61643],[142.08629,42.62556],[142.06894,42.64046],[142.06556,42.65116],[142.07389,42.66167],[142.07396,42.67344],[142.0766,42.67708],[142.08908,42.67431],[142.1103,42.69536],[142.11995,42.69794],[142.11727,42.70332],[142.12726,42.71608],[142.11639,42.73392],[142.12947,42.74119],[142.13494,42.75779],[142.14319,42.76109],[142.15294,42.75834]]}},{"type":"Feature","properties":{"FAREACODE":"810107000100","RIVERNAME":"沙流川","sourceLayer":0},"geometry":{"type":"LineString","coordinates":[[142.01187,42.50131],[142.02681,42.51508],[142.05111,42.51996],[142.06427,42.53395],[142.06701,42.54269],[142.10448,42.55656],[142.10911,42.56685],[142.12694,42.56858],[142.13948,42.57527],[142.14604,42.60093],[142.14017,42.61544],[142.14673,42.62909]]}},{"type":"Feature","properties":{"FAREACODE":"810103000102","RIVERNAME":"石狩川下流","sourceLayer":0},"geometry":{"type":"MultiLineString","coordinates":[[[141.37046,43.2708],[141.36959,43.25961],[141.34787,43.23856],[141.34898,43.23148],[141.35589,43.22728],[141.37862,43.22362],[141.38289,43.21386],[141.42002,43.17131],[141.4486,43.15377],[141.47373,43.14982],[141.50609,43.13611],[141.51848,43.13523],[141.53442,43.12541],[141.5533,43.12207],[141.56656,43.11512],[141.57709,43.1169],[141.59259,43.12741],[141.60795,43.13149],[141.61769,43.14285],[141.61774,43.17511],[141.65711,43.2162],[141.66329,43.22761],[141.65454,43.29357],[141.66512,43.30844],[141.68784,43.32039],[141.70059,43.34359],[141.7076,43.34851],[141.75359,43.35538],[141.76695,43.36315],[141.77372,43.3765],[141.79455,43.37749],[141.81912,43.38764],[141.82264,43.40081],[141.8462,43.43174],[141.864,43.43895],[141.87048,43.44586],[141.87085,43.48126],[141.89542,43.49783],[141.89982,43.5118],[141.88955,43.53868],[141.89268,43.54863],[141.87777,43.56961],[141.88501,43.58083],[141.87915,43.59346],[141.88523,43.60351],[141.88189,43.6225],[141.89365,43.63128],[141.9072,43.62805],[141.91534,43.63127],[141.91408,43.65215],[141.92485,43.66392],[141.93543,43.66908],[141.95035,43.67163],[141.96171,43.66891],[141.98801,43.68031],[142.01685,43.67456],[142.02915,43.68213],[142.0448,43.71402],[142.06481,43.71518],[142.08091,43.70357],[142.08761,43.7082],[142.10688,43.70717],[142.12123,43.71119],[142.14285,43.72097],[142.14459,43.72717],[142.16915,43.71443],[142.1738,43.71719],[142.17033,43.7262],[142.17563,43.7306]],[[141.43669,43.16165],[141.44326,43.16594],[141.47164,43.16868],[141.48763,43.1786]],[[141.48332,43.14568],[141.49084,43.1545],[141.51052,43.15912]],[[141.68862,43.32262],[141.67596,43.33646],[141.66766,43.33552]],[[141.74947,43.35484],[141.75686,43.35094],[141.79263,43.34811],[141.8009,43.35008],[141.81402,43.34594]],[[141.83223,43.40978],[141.84261,43.41138],[141.86113,43.42057],[141.86363,43.42542]],[[141.89205,43.55021],[141.87076,43.5541]],[[141.88501,43.60478],[141.87346,43.61797]]]}},{"type":"Feature","properties":{"FAREACODE":"810103003100","RIVERNAME":"豊平川","sourceLayer":0},"geometry":{"type":"MultiLineString","coordinates":[[[141.4486,43.15377],[141.45539,43.13004],[141.4444,43.10117],[141.43335,43.08918],[141.42357,43.08749],[141.40197,43.07197],[141.36811,43.06104],[141.35593,43.03557],[141.35373,43.01542],[141.34595,43.00796]],[[141.43335,43.08918],[141.43303,43.07823]],[[141.43321,43.08075],[141.42999,43.07821]]]}},{"type":"Feature","properties":{"FAREACODE":"810103008100","RIVERNAME":"千歳川","sourceLayer":0},"geometry":{"type":"MultiLineString","coordinates":[[[141.557,43.11944],[141.56074,43.10954],[141.57284,43.10002],[141.57998,43.07859],[141.5915,43.07479],[141.588,43.06973],[141.59016,43.05585],[141.57373,43.04923],[141.57411,43.0423],[141.56501,43.03667],[141.57029,43.02632],[141.56855,43.02089],[141.58147,43.01625],[141.58031,43.0051],[141.58689,42.99603],[141.5947,42.99228],[141.59531,42.98516],[141.60967,42.98767],[141.6248,42.98107],[141.62061,42.9748],[141.63291,42.96953],[141.63674,42.95088],[141.64582,42.94847],[141.65247,42.94226],[141.65023,42.92814],[141.66051,42.91349],[141.65231,42.9073],[141.65477,42.90152],[141.64781,42.88648],[141.6727,42.85148],[141.66605,42.84043],[141.65943,42.83675],[141.65842,42.82733],[141.6465,42.82024]],[[141.5801,43.00906],[141.59555,42.9968],[141.60477,42.99691],[141.61007,43.00129]]]}},{"type":"Feature","properties":{"FAREACODE":"810103011900","RIVERNAME":"夕張川","sourceLayer":0},"geometry":{"type":"LineString","coordinates":[[141.58293,43.12077],[141.59872,43.12094],[141.62129,43.11442],[141.65179,43.09752],[141.72225,43.08177],[141.7289,43.08403],[141.74093,43.07867],[141.74923,43.0799],[141.75888,43.07418],[141.75879,43.0704],[141.76512,43.06982],[141.77047,43.05329],[141.76245,43.0437],[141.76705,43.03314],[141.78027,43.02469],[141.7933,43.02394],[141.80292,43.02805],[141.81206,43.02231],[141.81238,43.01547],[141.82961,43.00652],[141.82951,42.99687],[141.8404,42.99649],[141.84242,42.98441],[141.85471,42.98898],[141.86057,42.98761],[141.86165,42.97502],[141.85355,42.97016],[141.85476,42.96764],[141.87041,42.96595],[141.86922,42.96142],[141.87469,42.95541],[141.87054,42.94818],[141.88998,42.93829],[141.89606,42.92388],[141.91146,42.91781]]}},{"type":"Feature","properties":{"FAREACODE":"810103018200","RIVERNAME":"幾春別川","sourceLayer":0},"geometry":{"type":"LineString","coordinates":[[141.63096,43.18939],[141.63919,43.19119],[141.66865,43.21497],[141.68325,43.21489],[141.71387,43.20368],[141.73184,43.20961],[141.76356,43.20911],[141.77589,43.22121],[141.77664,43.23222],[141.78233,43.2356],[141.78949,43.23539],[141.79868,43.22824],[141.81044,43.22854],[141.82046,43.23216],[141.82821,43.24014],[141.83869,43.23732],[141.87244,43.23899],[141.89202,43.24623],[141.89527,43.25105],[141.90094,43.25218],[141.90623,43.2488],[141.91035,43.25469],[141.92863,43.25478],[141.93297,43.25897],[141.93575,43.25154],[141.94011,43.25548],[141.94638,43.2546],[141.9444,43.25819],[141.96766,43.26165],[141.97324,43.25405],[141.98333,43.25184],[141.98216,43.24675],[141.98887,43.24663],[141.99304,43.24295],[141.99998,43.24511],[142.003,43.2407]]}},{"type":"Feature","properties":{"FAREACODE":"810103025002","RIVERNAME":"空知川下流","sourceLayer":0},"geometry":{"type":"LineString","coordinates":[[141.89632,43.52377],[141.91013,43.54637],[141.93533,43.55088],[141.94913,43.56162],[141.96295,43.56397],[141.96428,43.55757],[141.97814,43.55871],[141.99057,43.57506],[142.01036,43.56903],[142.03717,43.57122],[142.04107,43.56817],[142.03681,43.56158],[142.03922,43.55918],[142.05029,43.55997],[142.0607,43.55257],[142.07713,43.54934],[142.06881,43.54768],[142.07215,43.54066],[142.0886,43.54186],[142.09775,43.5366],[142.11005,43.54492],[142.13038,43.54509],[142.14155,43.54315],[142.14309,43.53787],[142.14948,43.53469],[142.19071,43.52982],[142.19183,43.52309],[142.20793,43.50987],[142.21931,43.48839],[142.2306,43.48468],[142.24039,43.49147],[142.248,43.48732],[142.24069,43.48257],[142.269,43.4748],[142.27515,43.44989],[142.28331,43.43917],[142.28749,43.43887]]}},{"type":"Feature","properties":{"FAREACODE":"810103033400","RIVERNAME":"雨竜川","sourceLayer":0},"geometry":{"type":"MultiLineString","coordinates":[[[141.9153,43.63836],[141.90686,43.64604],[141.91048,43.65857],[141.91769,43.66501],[141.91471,43.68042],[141.91876,43.70024],[141.90683,43.71171],[141.90564,43.71924],[141.91288,43.73022],[141.90858,43.74408],[141.89748,43.74675],[141.89481,43.75209],[141.89749,43.76704],[141.91124,43.77591],[141.91521,43.78297],[141.93688,43.79141],[141.93771,43.79895],[141.96556,43.80931],[141.9806,43.80871],[141.9957,43.81407],[142.00901,43.7977],[142.01384,43.80602],[142.01316,43.81931],[142.03332,43.82105],[142.03803,43.83107],[142.04687,43.83607],[142.05923,43.84119],[142.08105,43.83516],[142.08852,43.83773],[142.09857,43.83573],[142.09691,43.85377],[142.10808,43.85627],[142.09922,43.87083],[142.10531,43.87875],[142.09887,43.88771],[142.11033,43.89503],[142.10952,43.90915],[142.09165,43.91611],[142.08957,43.92521],[142.07573,43.92407],[142.0723,43.94255],[142.08124,43.95758],[142.1007,43.97612],[142.0971,43.98754],[142.1034,43.99245],[142.11712,43.98484],[142.12763,43.98445],[142.13462,43.99076],[142.12875,43.99833],[142.15236,44.01553],[142.14871,44.02136],[142.13692,44.02597],[142.13443,44.03338],[142.13806,44.05242],[142.14358,44.05343]],[[141.90541,43.71695],[141.89821,43.72196],[141.88608,43.71834]]]}},{"type":"Feature","properties":{"FAREACODE":"810104000100","RIVERNAME":"尻別川","sourceLayer":0},"geometry":{"type":"LineString","coordinates":[[140.36168,42.87802],[140.37199,42.86984],[140.38667,42.86447],[140.3858,42.85159],[140.39272,42.84408],[140.40342,42.84643],[140.40306,42.83483],[140.42045,42.84047],[140.42438,42.82938],[140.43294,42.83084],[140.44358,42.82665],[140.44253,42.8222],[140.45214,42.82246],[140.45151,42.81322],[140.47331,42.80918],[140.46991,42.80161],[140.47609,42.80054],[140.49798,42.80659],[140.52115,42.80522],[140.5288,42.81698],[140.54214,42.81568]]}},{"type":"Feature","properties":{"FAREACODE":"010175000100","RIVERNAME":"札幌市新川水系　新川","sourceLayer":0},"geometry":{"type":"LineString","coordinates":[[141.22308,43.16479],[141.22476,43.16006],[141.29775,43.10845]]}},{"type":"Feature","properties":{"FAREACODE":"810105000100","RIVERNAME":"後志利別川","sourceLayer":0},"geometry":{"type":"LineString","coordinates":[[139.84322,42.42502],[139.87816,42.40692],[139.88727,42.40832],[139.89642,42.41746],[139.90378,42.4196],[139.93601,42.41113],[139.95691,42.41969],[139.98316,42.41443],[140.00657,42.42252],[140.02366,42.42065],[140.03207,42.42328],[140.04692,42.41634],[140.05935,42.41798],[140.0727,42.41402],[140.10138,42.4179],[140.10369,42.41561],[140.09909,42.41026],[140.11145,42.41036],[140.11907,42.40527],[140.11468,42.40401],[140.11678,42.40046],[140.11173,42.39694],[140.1137,42.39133],[140.10426,42.3934],[140.0978,42.39033],[140.10858,42.38603],[140.116,42.38839],[140.12456,42.38522],[140.13867,42.39185],[140.13197,42.39412],[140.13508,42.39961],[140.13244,42.40645],[140.14384,42.4114],[140.14457,42.417],[140.15209,42.4138],[140.14984,42.41918],[140.15497,42.42354],[140.15536,42.43253],[140.15995,42.43466],[140.15556,42.43969],[140.16426,42.44157],[140.16177,42.4486],[140.17168,42.44834],[140.17528,42.44519],[140.17945,42.45947],[140.19605,42.46839]]}},{"type":"Feature","properties":{"FAREACODE":"820205000102","RIVERNAME":"馬淵川下流","sourceLayer":0},"geometry":{"type":"LineString","coordinates":[[141.50304,40.54169],[141.46645,40.51234],[141.44541,40.50219],[141.4301,40.50195],[141.42795,40.48659]]}},{"type":"Feature","properties":{"FAREACODE":"820206000100","RIVERNAME":"高瀬川（小川原湖）","sourceLayer":0},"geometry":{"type":"MultiLineString","coordinates":[[[141.39332,40.88678],[141.38247,40.88454],[141.37687,40.87825],[141.37437,40.86346],[141.37902,40.84515],[141.373,40.84]],[[141.373,40.84],[141.367,40.836],[141.359,40.815],[141.352,40.813],[141.348,40.806],[141.348,40.778],[141.357,40.774],[141.36,40.754],[141.353,40.725],[141.347,40.72],[141.332,40.727],[141.306,40.717],[141.297,40.717],[141.298,40.721],[141.29,40.721],[141.277,40.741],[141.28725,40.74463],[141.285,40.755],[141.304,40.745],[141.308,40.749],[141.327,40.753],[141.302,40.795],[141.297,40.816],[141.299,40.823],[141.316,40.848],[141.329,40.853],[141.325,40.848],[141.34,40.842],[141.358,40.845],[141.373,40.84]],[[141.28725,40.74463],[141.28386,40.74651]]]}},{"type":"Feature","properties":{"FAREACODE":"820207000100","RIVERNAME":"岩木川","sourceLayer":0},"geometry":{"type":"MultiLineString","coordinates":[[[140.32141,41.03643],[140.328,41.039]],[[140.328,41.039],[140.332,41.035],[140.334,41.016],[140.346,41],[140.358,40.997],[140.36123,41.01471],[140.372,41.028],[140.385,41.03],[140.407,41.024],[140.415,41.025],[140.403,41.039],[140.367,41.039],[140.362,41.042],[140.348,41.039],[140.34,41.051],[140.332,41.05],[140.328,41.039]],[[140.36123,41.01471],[140.37857,41.00636],[140.39087,40.98682],[140.39209,40.97881],[140.38112,40.96223],[140.38244,40.95207],[140.38853,40.94268],[140.40491,40.93709],[140.4122,40.93068],[140.42472,40.89754],[140.4252,40.89322],[140.41923,40.89189],[140.42167,40.88746],[140.40357,40.8811],[140.40765,40.87284],[140.39984,40.86699],[140.39935,40.85792],[140.40051,40.8493],[140.40816,40.84563],[140.41177,40.83379],[140.42293,40.82213],[140.43273,40.81909],[140.43786,40.80772],[140.43727,40.78937],[140.42485,40.7879],[140.41463,40.77652],[140.42645,40.75901],[140.42038,40.75048],[140.42353,40.74397],[140.41808,40.72552],[140.42605,40.72259],[140.4356,40.70809],[140.4618,40.68523],[140.45853,40.6766],[140.46367,40.67778],[140.46753,40.67374],[140.45776,40.6639],[140.46549,40.66121],[140.47266,40.6478],[140.46811,40.63836],[140.47207,40.62463],[140.46395,40.61643],[140.4563,40.61509],[140.4378,40.60036],[140.41339,40.59212]],[[140.41794,40.72702],[140.4133,40.71915],[140.41573,40.70605]]]}},{"type":"Feature","properties":{"FAREACODE":"820207006102","RIVERNAME":"平川下流","sourceLayer":0},"geometry":{"type":"MultiLineString","coordinates":[[[140.46549,40.66121],[140.47925,40.65215],[140.49384,40.65065],[140.49944,40.63798],[140.49797,40.63054],[140.50613,40.62945]],[[140.49797,40.63054],[140.49419,40.62735]]]}},{"type":"Feature","properties":{"FAREACODE":"020036000100","RIVERNAME":"青森県堤川水系　堤川・駒込川","sourceLayer":0},"geometry":{"type":"MultiLineString","coordinates":[[[140.76268,40.83477],[140.76014,40.82772],[140.76651,40.81692],[140.7628,40.79592],[140.75035,40.78512],[140.72915,40.77855],[140.72573,40.76775]],[[140.76597,40.8189],[140.77338,40.81604],[140.77988,40.79747]]]}},{"type":"Feature","properties":{"FAREACODE":"820205000103","RIVERNAME":"青森県馬淵川水系　馬淵川中流","sourceLayer":0},"geometry":{"type":"LineString","coordinates":[[141.42795,40.48659],[141.42595,40.47248],[141.41875,40.47658],[141.41281,40.4703],[141.40579,40.4739],[141.39673,40.46283],[141.38962,40.46168],[141.38891,40.46611],[141.37275,40.46301],[141.36769,40.45842],[141.35983,40.4596],[141.36049,40.45454],[141.351,40.4455],[141.32865,40.42798],[141.31045,40.42362],[141.30211,40.4111],[141.29486,40.41617],[141.28076,40.40407],[141.26669,40.40779],[141.264,40.40237],[141.27531,40.38953],[141.27257,40.38422],[141.27678,40.381]]}},{"type":"Feature","properties":{"FAREACODE":"820207003500","RIVERNAME":"青森県岩木川水系　十川","sourceLayer":0},"geometry":{"type":"LineString","coordinates":[[140.43781,40.80459],[140.43977,40.7945],[140.46032,40.77985],[140.47391,40.77676],[140.47754,40.77263],[140.49906,40.76885],[140.50468,40.76071],[140.51344,40.75763],[140.51373,40.73506],[140.52244,40.72662],[140.52121,40.70214]]}},{"type":"Feature","properties":{"FAREACODE":"820207006101","RIVERNAME":"青森県岩木川水系　平川上流","sourceLayer":0},"geometry":{"type":"LineString","coordinates":[[140.50613,40.62945],[140.50443,40.62443],[140.51163,40.62096],[140.51278,40.61569],[140.52494,40.61313],[140.52597,40.57877],[140.53422,40.56336],[140.54578,40.55344],[140.54536,40.54424],[140.55248,40.52772],[140.56842,40.5189],[140.57245,40.521],[140.58524,40.51697],[140.59826,40.5189],[140.60115,40.50949],[140.61004,40.51027]]}},{"type":"Feature","properties":{"FAREACODE":"820204000101","RIVERNAME":"北上川上流","sourceLayer":0},"geometry":{"type":"MultiLineString","coordinates":[[[141.26284,38.78756],[141.24945,38.79009],[141.24668,38.79978],[141.25272,38.81861],[141.25071,38.82558],[141.26006,38.83112],[141.26298,38.84112],[141.25475,38.85183],[141.26284,38.86516],[141.26027,38.87705],[141.26751,38.89758],[141.23728,38.91181],[141.22905,38.92553],[141.21164,38.93787],[141.20943,38.94754],[141.19592,38.95069],[141.16348,38.95086],[141.15736,38.9587],[141.15689,38.97414],[141.13209,38.97774],[141.12683,38.98998],[141.11659,38.99814],[141.12155,39.01218],[141.13944,39.02523],[141.13037,39.02878],[141.12891,39.03313],[141.14733,39.04069],[141.16697,39.06921],[141.18874,39.08441],[141.18121,39.12316],[141.16735,39.1507],[141.16602,39.16338],[141.14794,39.17092],[141.14211,39.18025],[141.14087,39.19444],[141.1268,39.197],[141.1282,39.22206],[141.10552,39.22675],[141.10374,39.23053],[141.10849,39.24403],[141.12488,39.26677],[141.12578,39.27874],[141.14758,39.29624],[141.15673,39.31525],[141.15483,39.33144],[141.13726,39.33618],[141.1433,39.35505],[141.14189,39.35924],[141.13113,39.36463],[141.12934,39.39291],[141.13494,39.40078],[141.15092,39.40232],[141.16298,39.4163],[141.17526,39.42338],[141.1714,39.43075],[141.15085,39.4339],[141.14418,39.43936],[141.15499,39.4525],[141.15319,39.46114],[141.16293,39.4712],[141.1533,39.48104],[141.15325,39.49296],[141.17909,39.51573],[141.18725,39.51684],[141.187,39.52442],[141.17791,39.52526],[141.1751,39.5297],[141.17482,39.5522],[141.1801,39.57257],[141.1771,39.57938],[141.19691,39.59338],[141.19437,39.60413],[141.18091,39.61667],[141.1819,39.63518],[141.17755,39.64566],[141.181,39.65531],[141.17217,39.65864],[141.16999,39.66704],[141.16008,39.67782],[141.16026,39.68598],[141.14217,39.6967],[141.1281,39.71937],[141.13142,39.72894],[141.12764,39.73831],[141.13714,39.73723],[141.14076,39.74635],[141.14896,39.74596]],[[141.25946,38.9009],[141.25359,38.92353],[141.25632,38.92675],[141.24866,38.93165],[141.24718,38.93911],[141.25178,38.95475]],[[141.1703,38.9492],[141.1639,38.94452],[141.15928,38.93293],[141.1358,38.93665],[141.1259,38.92528],[141.11891,38.92374]],[[141.17427,39.14031],[141.1835,39.15685]],[[141.14189,39.18219],[141.13339,39.188],[141.12627,39.18671]],[[141.12417,39.26992],[141.11208,39.2789]],[[141.12947,39.37928],[141.11867,39.38157]],[[141.14491,39.69466],[141.13307,39.69623],[141.12377,39.70268]],[[141.14491,39.69466],[141.14381,39.69811],[141.1537,39.70007],[141.15748,39.70611],[141.17259,39.71506],[141.18109,39.7147]]]}},{"type":"Feature","properties":{"FAREACODE":"820204035600","RIVERNAME":"猿ヶ石川","sourceLayer":0},"geometry":{"type":"LineString","coordinates":[[141.13243,39.39906],[141.15079,39.39775],[141.15641,39.38187],[141.16957,39.3698],[141.16937,39.36028],[141.17644,39.36329],[141.1831,39.35828],[141.19846,39.36343],[141.20737,39.3621],[141.21559,39.3644],[141.22366,39.37572],[141.24381,39.37655],[141.26109,39.36161],[141.30009,39.36177],[141.30656,39.35931],[141.30944,39.35328],[141.32626,39.35685],[141.32612,39.34935],[141.33236,39.34629],[141.31946,39.34321]]}},{"type":"Feature","properties":{"FAREACODE":"820204048200","RIVERNAME":"雫石川","sourceLayer":0},"geometry":{"type":"LineString","coordinates":[[141.12377,39.70268],[141.10804,39.70679],[141.08932,39.70215],[141.08004,39.70397],[141.07305,39.69752],[141.06327,39.69694],[141.04801,39.69003],[141.03179,39.70043],[141.02752,39.69705],[141.03026,39.69207]]}},{"type":"Feature","properties":{"FAREACODE":"820201000102","RIVERNAME":"阿武隈川下流","sourceLayer":0},"geometry":{"type":"MultiLineString","coordinates":[[[140.92292,38.04039],[140.92051,38.04614],[140.90748,38.05395],[140.9104,38.07472],[140.88906,38.09454],[140.87163,38.09506],[140.86351,38.08343],[140.85714,38.08086],[140.82888,38.0824],[140.81098,38.05888],[140.81244,38.04638],[140.80746,38.03613],[140.81113,38.02367],[140.80025,38.01543],[140.81202,38.00299],[140.80313,37.98908],[140.79915,37.97005],[140.78819,37.95429],[140.79362,37.93686],[140.80333,37.92976],[140.80795,37.91966],[140.7952,37.91574],[140.76905,37.91717],[140.75824,37.92458],[140.73996,37.92561],[140.73716,37.92995],[140.69811,37.93696],[140.68663,37.9152],[140.66544,37.91303],[140.65997,37.90089],[140.64715,37.8987],[140.64477,37.89536]],[[140.81531,38.06678],[140.8065,38.06863]]]}},{"type":"Feature","properties":{"FAREACODE":"820202000100","RIVERNAME":"名取川","sourceLayer":0},"geometry":{"type":"LineString","coordinates":[[140.96232,38.17385],[140.9401,38.18634],[140.93487,38.19754],[140.91924,38.19927],[140.90792,38.20893],[140.85444,38.20384],[140.84164,38.21033]]}},{"type":"Feature","properties":{"FAREACODE":"820202001100","RIVERNAME":"広瀬川","sourceLayer":0},"geometry":{"type":"LineString","coordinates":[[140.91137,38.20714],[140.91139,38.21865],[140.88905,38.23574]]}},{"type":"Feature","properties":{"FAREACODE":"820203000100","RIVERNAME":"鳴瀬川","sourceLayer":0},"geometry":{"type":"MultiLineString","coordinates":[[[141.17344,38.37448],[141.17072,38.38507],[141.16048,38.3924],[141.14881,38.41143],[141.12507,38.42331],[141.10575,38.45079],[141.11077,38.45925],[141.12499,38.46634],[141.12809,38.48355],[141.12616,38.49215],[141.11482,38.49885],[141.11298,38.50533],[141.10139,38.50926],[141.09829,38.52321],[141.07277,38.52857],[141.05781,38.52796],[141.04971,38.53288],[141.02815,38.52724],[141.01299,38.53689],[141.00564,38.53133],[140.98283,38.53578],[140.96441,38.52447],[140.9457,38.52644],[140.93001,38.52178],[140.91989,38.52456],[140.91188,38.52261],[140.90398,38.52926],[140.89334,38.53138]],[[141.14303,38.41637],[141.12817,38.42485],[141.12958,38.43741]],[[140.98834,38.53523],[140.94699,38.54552]]]}},{"type":"Feature","properties":{"FAREACODE":"820203000400","RIVERNAME":"吉田川","sourceLayer":0},"geometry":{"type":"MultiLineString","coordinates":[[[141.17149,38.37956],[141.14614,38.41048],[141.12677,38.41961],[141.11193,38.43966],[141.10527,38.44301],[141.08676,38.44579],[141.07391,38.43895],[141.03225,38.44569],[140.9942,38.43523],[140.98299,38.4422],[140.97353,38.43619],[140.97221,38.42787],[140.96138,38.42569],[140.93863,38.42601],[140.90644,38.4373],[140.90404,38.43404],[140.89699,38.43565],[140.89062,38.43188]],[[140.92231,38.43054],[140.90294,38.42621],[140.89627,38.41748],[140.88531,38.41242]]]}},{"type":"Feature","properties":{"FAREACODE":"820204000102","RIVERNAME":"北上川下流","sourceLayer":0},"geometry":{"type":"LineString","coordinates":[[141.46054,38.57627],[141.43455,38.56347],[141.41968,38.54246],[141.38337,38.53731],[141.36705,38.5279],[141.34573,38.52605],[141.31791,38.5119],[141.30655,38.51511],[141.30748,38.52723],[141.30183,38.54253],[141.3054,38.5538],[141.29558,38.56132],[141.3028,38.59233],[141.28397,38.64718],[141.28757,38.65868],[141.2855,38.67891],[141.29022,38.69314],[141.28634,38.70799],[141.29378,38.71836],[141.286,38.71884],[141.27618,38.70564],[141.2681,38.70981],[141.26774,38.73109],[141.28315,38.75054],[141.26899,38.76693],[141.26284,38.78756]]}},{"type":"Feature","properties":{"FAREACODE":"820204001800","RIVERNAME":"旧北上川","sourceLayer":0},"geometry":{"type":"LineString","coordinates":[[141.31368,38.40744],[141.31271,38.43416],[141.32807,38.44243],[141.3073,38.4498],[141.28998,38.44889],[141.28915,38.45528],[141.29627,38.46248],[141.30056,38.47764],[141.296,38.49255],[141.27469,38.49035],[141.25976,38.49995],[141.24285,38.5023],[141.23729,38.51613],[141.22545,38.53004],[141.23486,38.56833],[141.24075,38.57476],[141.26509,38.58487],[141.26624,38.60253],[141.27301,38.60546],[141.29253,38.60167],[141.29607,38.60386]]}},{"type":"Feature","properties":{"FAREACODE":"820204007100","RIVERNAME":"江合川","sourceLayer":0},"geometry":{"type":"LineString","coordinates":[[141.22545,38.53004],[141.19623,38.54148],[141.178,38.53111],[141.17483,38.52474],[141.16437,38.5247],[141.14386,38.53162],[141.12159,38.55497],[141.09641,38.55425],[141.07819,38.5634],[141.05498,38.56121],[141.01292,38.56672],[141.00368,38.57416],[140.97845,38.58145],[140.97044,38.59373],[140.93449,38.59865]]}},{"type":"Feature","properties":{"FAREACODE":"040028000100","RIVERNAME":"七北田川","sourceLayer":0},"geometry":{"type":"LineString","coordinates":[[141.01361,38.25296],[140.96171,38.26947],[140.96814,38.28405],[140.94945,38.30342],[140.91979,38.3045],[140.90916,38.31148],[140.87694,38.31693],[140.87162,38.32236]]}},{"type":"Feature","properties":{"FAREACODE":"820201000400","RIVERNAME":"白石川","sourceLayer":0},"geometry":{"type":"LineString","coordinates":[[140.8065,38.06863],[140.78899,38.06909],[140.78583,38.06339],[140.77345,38.06352],[140.74167,38.05598],[140.72918,38.04009],[140.68864,38.03596],[140.65646,38.04235],[140.64516,38.03208],[140.6338,38.03091],[140.62852,38.01813],[140.61011,38.00592],[140.5985,38.00657]]}},{"type":"Feature","properties":{"FAREACODE":"820204001900","RIVERNAME":"迫川","sourceLayer":0},"geometry":{"type":"MultiLineString","coordinates":[[[141.05425,38.77371],[141.03637,38.7584],[141.03096,38.75761],[141.02391,38.74265],[141.01748,38.74084]],[[141.23197,38.55345],[141.20386,38.58247],[141.20212,38.592],[141.20846,38.62324],[141.20535,38.63579],[141.2141,38.65199],[141.20445,38.66347],[141.20538,38.68091],[141.19904,38.68586],[141.19704,38.69974],[141.19186,38.70616],[141.19516,38.71993],[141.17901,38.73082],[141.15704,38.73119],[141.15132,38.74849],[141.13555,38.75894],[141.12751,38.77375],[141.10169,38.77947],[141.09862,38.78413],[141.09065,38.78636],[141.06599,38.7746],[141.05425,38.77371]]]}},{"type":"Feature","properties":{"FAREACODE":"820208000100","RIVERNAME":"米代川","sourceLayer":0},"geometry":{"type":"MultiLineString","coordinates":[[[140.00453,40.2229],[140.04035,40.2151],[140.04459,40.20798],[140.04262,40.19729],[140.04996,40.19331],[140.06739,40.20764],[140.08568,40.20296],[140.09401,40.21423],[140.12081,40.20835],[140.12958,40.21869],[140.14552,40.22742],[140.1605,40.22967],[140.17576,40.22147],[140.18919,40.23079],[140.2079,40.2153],[140.22437,40.19253],[140.2557,40.21769],[140.25585,40.20056],[140.28068,40.21064],[140.29641,40.20468],[140.31729,40.21581],[140.32984,40.21236],[140.33971,40.21662],[140.34768,40.21117],[140.35503,40.21078],[140.38791,40.22345],[140.41059,40.26243],[140.43566,40.26069],[140.44037,40.26225],[140.44273,40.26873],[140.46193,40.27007],[140.47418,40.26653],[140.50821,40.26846],[140.52752,40.26463],[140.55777,40.25101],[140.56935,40.23535],[140.58658,40.22855]],[[140.2509,40.21632],[140.25264,40.22684],[140.24491,40.22937]]]}},{"type":"Feature","properties":{"FAREACODE":"820209000101","RIVERNAME":"雄物川上流","sourceLayer":0},"geometry":{"type":"MultiLineString","coordinates":[[[140.24285,39.54236],[140.25216,39.51319],[140.26601,39.51241],[140.27835,39.51917],[140.27231,39.54709],[140.28294,39.56156],[140.29856,39.557],[140.32236,39.5629],[140.33679,39.55476],[140.35179,39.55592],[140.36436,39.54639],[140.36696,39.53413],[140.35716,39.51515],[140.35831,39.51043],[140.38496,39.49965],[140.3882,39.48825],[140.44094,39.484],[140.45046,39.47931],[140.47915,39.42945],[140.47878,39.41264],[140.47055,39.40757],[140.46033,39.38638],[140.46218,39.37195],[140.45635,39.35413],[140.42635,39.32943],[140.41944,39.30478],[140.41003,39.29918],[140.41077,39.28717],[140.39834,39.27088],[140.4016,39.25371],[140.41187,39.25025],[140.43309,39.23486],[140.44084,39.21299],[140.4521,39.19825],[140.44986,39.19122],[140.46594,39.17358],[140.47344,39.17079],[140.47842,39.15695],[140.48143,39.12974],[140.47538,39.09392],[140.45772,39.08231],[140.45238,39.07287],[140.44226,39.06611]],[[140.45799,39.46712],[140.47593,39.46062]],[[140.48044,39.41949],[140.48681,39.40466]]]}},{"type":"Feature","properties":{"FAREACODE":"820209000102","RIVERNAME":"雄物川下流","sourceLayer":0},"geometry":{"type":"LineString","coordinates":[[140.06168,39.69146],[140.08528,39.69243],[140.09534,39.68777],[140.11706,39.66158],[140.12863,39.65314],[140.13255,39.63708],[140.14953,39.62703],[140.16657,39.58883],[140.17853,39.58614],[140.19661,39.59639],[140.21065,39.59867],[140.21135,39.59139],[140.1987,39.58051],[140.21998,39.56024],[140.20885,39.54188],[140.232,39.53185],[140.24423,39.54204],[140.25216,39.51319],[140.26281,39.51204]]}},{"type":"Feature","properties":{"FAREACODE":"820209005500","RIVERNAME":"玉川","sourceLayer":0},"geometry":{"type":"LineString","coordinates":[[140.44094,39.484],[140.45458,39.48468],[140.46387,39.49291],[140.47344,39.49526],[140.47642,39.50224],[140.48498,39.50769],[140.48252,39.51333],[140.50215,39.51285],[140.50626,39.52391],[140.51767,39.52618],[140.52368,39.53316]]}},{"type":"Feature","properties":{"FAREACODE":"820209018700","RIVERNAME":"皆瀬川","sourceLayer":0},"geometry":{"type":"LineString","coordinates":[[140.43926,39.22001],[140.45065,39.21653],[140.46606,39.21739],[140.49157,39.21019],[140.51032,39.20963],[140.52515,39.20316],[140.53237,39.1939],[140.54226,39.19212]]}},{"type":"Feature","properties":{"FAREACODE":"820210000100","RIVERNAME":"子吉川","sourceLayer":0},"geometry":{"type":"LineString","coordinates":[[140.01215,39.39028],[140.02802,39.38716],[140.03901,39.39567],[140.05411,39.39502],[140.07126,39.38575],[140.06838,39.37038],[140.05904,39.3674],[140.06933,39.36195],[140.06738,39.34642],[140.07842,39.34048],[140.08348,39.32985],[140.09698,39.3248],[140.10532,39.29921],[140.11518,39.28523],[140.10332,39.27689],[140.12905,39.26471]]}},{"type":"Feature","properties":{"FAREACODE":"820209000400","RIVERNAME":"太平川","sourceLayer":0},"geometry":{"type":"LineString","coordinates":[[140.10693,39.70442],[140.11984,39.70159],[140.15361,39.7138],[140.1539,39.72429],[140.15922,39.72564],[140.16613,39.73922],[140.17819,39.73379],[140.1837,39.7369],[140.20033,39.72956],[140.22275,39.73414],[140.22787,39.74087],[140.24527,39.73229],[140.24675,39.73595],[140.25839,39.73297]]}},{"type":"Feature","properties":{"FAREACODE":"820211000101","RIVERNAME":"最上川上流","sourceLayer":0},"geometry":{"type":"MultiLineString","coordinates":[[[140.37779,38.5425],[140.36582,38.52622],[140.3546,38.52184],[140.34262,38.52667],[140.33831,38.52408],[140.33175,38.52789],[140.32726,38.52616],[140.32944,38.52126],[140.35309,38.5156],[140.34757,38.51153],[140.35145,38.50166],[140.34572,38.48724],[140.34815,38.47627],[140.34041,38.46627],[140.34511,38.45758],[140.33109,38.44891],[140.32695,38.4419],[140.33854,38.43211],[140.32939,38.4245],[140.33313,38.41246],[140.32649,38.39587],[140.32582,38.37899],[140.30423,38.35967],[140.30671,38.34889],[140.29022,38.34035],[140.27301,38.34386],[140.26822,38.34638],[140.27212,38.35578],[140.26386,38.36384],[140.25529,38.36283],[140.229,38.37119],[140.21425,38.38406],[140.20971,38.3764],[140.21826,38.36634],[140.20958,38.36387],[140.20822,38.35392],[140.18678,38.34639],[140.18418,38.32905],[140.17942,38.32777],[140.17224,38.33367],[140.16533,38.3331],[140.1648,38.32834],[140.15707,38.33018],[140.1589,38.31261],[140.13988,38.30942],[140.13677,38.29939],[140.12529,38.29396],[140.12642,38.29006],[140.13552,38.29003],[140.13584,38.27895],[140.10826,38.26351],[140.10609,38.25212],[140.09516,38.24619],[140.08875,38.23217],[140.09628,38.22352],[140.1017,38.19885],[140.09463,38.19647],[140.08772,38.18331],[140.07777,38.18098],[140.07662,38.16668],[140.06009,38.16176],[140.05129,38.15335],[140.05554,38.14113],[140.04979,38.13508],[140.05146,38.12468],[140.04519,38.12012],[140.0486,38.11169],[140.04493,38.08961],[140.04769,38.08145],[140.0582,38.06935],[140.07241,38.06358],[140.0697,38.05629],[140.07911,38.04463],[140.09892,38.04702],[140.10385,38.0399],[140.10016,38.03225],[140.13242,38.01915],[140.13313,38.01042],[140.13786,38.00627],[140.13805,37.99056],[140.14841,37.97991],[140.14629,37.96979],[140.13657,37.96386],[140.12984,37.9379],[140.12079,37.93343]],[[140.33426,38.43792],[140.34063,38.43757],[140.3424,38.4339]],[[140.32595,38.38022],[140.32026,38.38019]],[[140.04932,38.07962],[140.03413,38.06817]],[[140.10174,38.03115],[140.10251,38.02673],[140.09181,38.01128]],[[140.12451,38.0226],[140.14964,38.02532]],[[140.13291,38.0114],[140.13252,38.01044]],[[140.14619,37.97388],[140.15367,37.96404]]]}},{"type":"Feature","properties":{"FAREACODE":"820211000102","RIVERNAME":"最上川下流","sourceLayer":0},"geometry":{"type":"MultiLineString","coordinates":[[[139.80841,38.92422],[139.83874,38.8917],[139.8569,38.87925],[139.87165,38.87537],[139.8857,38.88266],[139.90261,38.87856],[139.91585,38.88054],[139.93767,38.8731],[139.94804,38.84566],[139.96263,38.82484],[139.99247,38.80887],[139.99665,38.79269],[140.01406,38.79477],[140.02362,38.79182],[140.03567,38.77272],[140.05563,38.76628]],[[140.02951,38.78316],[140.02694,38.782]]]}},{"type":"Feature","properties":{"FAREACODE":"820211000103","RIVERNAME":"最上川中流","sourceLayer":0},"geometry":{"type":"MultiLineString","coordinates":[[[140.05563,38.76628],[140.08,38.74977],[140.08783,38.75651],[140.09715,38.7572],[140.10872,38.7487],[140.13382,38.74087],[140.16187,38.74036],[140.1656,38.72601],[140.18566,38.7295],[140.19659,38.72245],[140.20958,38.72975],[140.22414,38.72933],[140.22256,38.72502],[140.21221,38.72491],[140.21044,38.72012],[140.22455,38.72038],[140.22485,38.70244],[140.24018,38.70105],[140.25615,38.67696],[140.26969,38.66651],[140.29685,38.66199],[140.30816,38.65687],[140.3175,38.65776],[140.31427,38.66873],[140.31734,38.67593],[140.33118,38.66865],[140.32627,38.65281],[140.32921,38.64836],[140.34101,38.64758],[140.3417,38.65826],[140.35298,38.65591],[140.35166,38.64508],[140.32788,38.6336],[140.33317,38.62617],[140.35236,38.61927],[140.35451,38.61188],[140.34806,38.60858],[140.34814,38.60213],[140.35833,38.59574],[140.36033,38.59039],[140.37422,38.58625],[140.38775,38.57484],[140.38954,38.57069],[140.37779,38.5425]],[[140.2676,38.67033],[140.26818,38.6807],[140.27913,38.69146]],[[140.35451,38.61188],[140.36374,38.60551],[140.37179,38.60497]]]}},{"type":"Feature","properties":{"FAREACODE":"820211007300","RIVERNAME":"鮭川","sourceLayer":0},"geometry":{"type":"MultiLineString","coordinates":[[[140.1887,38.72851],[140.19969,38.72876],[140.20297,38.73411],[140.18566,38.74348],[140.18681,38.74631],[140.19892,38.74788],[140.20045,38.75546],[140.19552,38.76295],[140.20836,38.76964],[140.20563,38.77517],[140.211,38.77918],[140.2189,38.77231],[140.22313,38.77495],[140.21268,38.78631],[140.21154,38.7947],[140.22284,38.81156],[140.22297,38.82235],[140.23556,38.83665],[140.2243,38.85283],[140.22899,38.86797]],[[140.23549,38.83663],[140.24542,38.84389],[140.24445,38.8585],[140.25393,38.86182],[140.25279,38.86685],[140.2598,38.8687]],[[140.25394,38.8618],[140.2822,38.86408],[140.30745,38.85148],[140.31689,38.85451],[140.32429,38.86899]]]}},{"type":"Feature","properties":{"FAREACODE":"820211030702","RIVERNAME":"須川下流","sourceLayer":0},"geometry":{"type":"MultiLineString","coordinates":[[[140.30712,38.34959],[140.31264,38.34067],[140.3033,38.31919],[140.27645,38.29144],[140.27883,38.2828],[140.2749,38.27005],[140.2794,38.26417],[140.27575,38.2595]],[[140.30787,38.32984],[140.31794,38.32035]]]}},{"type":"Feature","properties":{"FAREACODE":"820212000100","RIVERNAME":"赤川","sourceLayer":0},"geometry":{"type":"MultiLineString","coordinates":[[[139.78253,38.84629],[139.8215,38.83894],[139.8407,38.826],[139.85125,38.80559],[139.84286,38.7995],[139.84352,38.78237],[139.85414,38.7662],[139.84865,38.75289],[139.85794,38.74681],[139.84891,38.73159],[139.86283,38.69893],[139.85684,38.65326],[139.86305,38.64599],[139.85996,38.63785],[139.84478,38.62838],[139.83854,38.61692]],[[139.81229,38.84091],[139.81624,38.82286],[139.82401,38.81783]],[[139.84869,38.75401],[139.85012,38.74415],[139.84586,38.73616]]]}},{"type":"Feature","properties":{"FAREACODE":"060016000100","RIVERNAME":"日向川","sourceLayer":0},"geometry":{"type":"LineString","coordinates":[[139.84274,38.99156],[139.85006,38.97841],[139.85598,38.97567],[139.86872,38.98009],[139.9007,38.97883],[139.90797,38.98345],[139.91311,38.98169],[139.96105,38.99519],[139.99664,38.99364],[140.00894,38.99021],[140.03209,38.99637],[140.03895,39.00186]]}},{"type":"Feature","properties":{"FAREACODE":"820211017000","RIVERNAME":"最上小国川","sourceLayer":0},"geometry":{"type":"LineString","coordinates":[[140.27913,38.69146],[140.30611,38.69077],[140.31197,38.69537],[140.3218,38.69347],[140.34761,38.70422],[140.35551,38.70229],[140.37162,38.71242],[140.38065,38.70871],[140.38516,38.7122],[140.37718,38.71879],[140.39014,38.72597],[140.39583,38.74646],[140.41001,38.75439],[140.42474,38.7548],[140.43372,38.76501],[140.49661,38.74889],[140.51906,38.74972],[140.54441,38.72827],[140.54473,38.72008],[140.54992,38.71703],[140.54738,38.71435],[140.55805,38.70986]]}},{"type":"Feature","properties":{"FAREACODE":"820211022100","RIVERNAME":"丹生川","sourceLayer":0},"geometry":{"type":"LineString","coordinates":[[140.37179,38.60497],[140.40708,38.6211],[140.4441,38.61358],[140.46036,38.61677],[140.46692,38.61318],[140.47844,38.61432],[140.49382,38.60315],[140.49497,38.5962]]}},{"type":"Feature","properties":{"FAREACODE":"820211030701","RIVERNAME":"須川上流","sourceLayer":0},"geometry":{"type":"LineString","coordinates":[[140.27575,38.2595],[140.28576,38.24671],[140.28339,38.242],[140.29551,38.23542],[140.29819,38.22882],[140.3108,38.21943],[140.31282,38.20329],[140.30138,38.18739],[140.30078,38.17279],[140.284,38.15595],[140.28212,38.1361]]}},{"type":"Feature","properties":{"FAREACODE":"820211048700","RIVERNAME":"屋代川","sourceLayer":0},"geometry":{"type":"LineString","coordinates":[[140.15646,38.02745],[140.19923,38.00479],[140.22907,38.00638],[140.25526,38.01829]]}},{"type":"Feature","properties":{"FAREACODE":"820212000200","RIVERNAME":"大山川","sourceLayer":0},"geometry":{"type":"LineString","coordinates":[[139.82401,38.81783],[139.81934,38.79177],[139.80479,38.77845],[139.80461,38.76869],[139.78802,38.7577],[139.78652,38.75115],[139.76477,38.74582],[139.74998,38.72559],[139.74435,38.70841],[139.74482,38.69844],[139.74962,38.69408],[139.74108,38.65851]]}},{"type":"Feature","properties":{"FAREACODE":"820201000101","RIVERNAME":"阿武隈川上流","sourceLayer":0},"geometry":{"type":"MultiLineString","coordinates":[[[140.64477,37.89536],[140.64248,37.88586],[140.62796,37.88425],[140.61943,37.872],[140.59826,37.86829],[140.58723,37.86206],[140.56776,37.86168],[140.56081,37.8479],[140.54831,37.83842],[140.53128,37.8367],[140.51451,37.82653],[140.50694,37.81169],[140.50548,37.79742],[140.49068,37.78896],[140.49425,37.77567],[140.4875,37.75781],[140.46695,37.74693],[140.4718,37.71826],[140.49298,37.71992],[140.49881,37.71521],[140.49734,37.69355],[140.49345,37.68866],[140.50266,37.67192],[140.49942,37.66729],[140.50845,37.6603],[140.51301,37.64686],[140.51844,37.64313],[140.52678,37.64755],[140.52799,37.64293],[140.51948,37.60379],[140.51308,37.60318],[140.51534,37.59868],[140.51161,37.59322],[140.49315,37.59179],[140.4651,37.59908],[140.45163,37.58167],[140.44416,37.57925],[140.44602,37.57278],[140.43921,37.56969],[140.43948,37.55631],[140.41568,37.53601],[140.41489,37.52113],[140.40804,37.51988],[140.40171,37.51146],[140.40727,37.49833],[140.40603,37.4896],[140.41274,37.48327],[140.41274,37.4709],[140.40728,37.46529],[140.42355,37.46639],[140.41914,37.45432],[140.42601,37.44581],[140.41267,37.42666],[140.41617,37.41971],[140.40797,37.41177],[140.40922,37.39121],[140.38982,37.37856],[140.38307,37.36454],[140.3707,37.35249],[140.37642,37.34255],[140.37893,37.30899],[140.38769,37.30108],[140.40898,37.29456],[140.41328,37.28689],[140.4088,37.274],[140.39717,37.26715],[140.40741,37.24439],[140.38864,37.24593],[140.39665,37.22652],[140.39131,37.22026],[140.40303,37.21512],[140.39557,37.20635]],[[140.61063,37.86898],[140.59919,37.86197],[140.61279,37.8517]],[[140.50621,37.8092],[140.49526,37.81105]],[[140.49351,37.78109],[140.48949,37.77701],[140.48508,37.77822]],[[140.3842,37.36815],[140.3734,37.36308],[140.36896,37.36438]],[[140.38222,37.30485],[140.3755,37.29646]]]}},{"type":"Feature","properties":{"FAREACODE":"820201009900","RIVERNAME":"荒川","sourceLayer":0},"geometry":{"type":"LineString","coordinates":[[140.46633,37.74465],[140.45868,37.74479],[140.44193,37.75566],[140.4049,37.74765],[140.37116,37.72667],[140.34821,37.70024]]}},{"type":"Feature","properties":{"FAREACODE":"840402000101","RIVERNAME":"阿賀川","sourceLayer":0},"geometry":{"type":"LineString","coordinates":[[139.78343,37.63242],[139.78987,37.62513],[139.79876,37.62401],[139.80194,37.61227],[139.82035,37.60806],[139.84011,37.59238],[139.85289,37.59457],[139.86146,37.59091],[139.86283,37.56958],[139.85824,37.55477],[139.88169,37.51817],[139.88784,37.50303],[139.88663,37.49369],[139.89503,37.4846],[139.90841,37.45464],[139.90709,37.4371],[139.91036,37.43118],[139.90646,37.41468],[139.92288,37.4036]]}},{"type":"Feature","properties":{"FAREACODE":"070006000100","RIVERNAME":"福島県宇多川","sourceLayer":0},"geometry":{"type":"LineString","coordinates":[[140.97178,37.81331],[140.93293,37.80067],[140.93072,37.79624],[140.90687,37.78907],[140.8933,37.77515],[140.88783,37.77637]]}},{"type":"Feature","properties":{"FAREACODE":"070010000100","RIVERNAME":"福島県新田川","sourceLayer":0},"geometry":{"type":"LineString","coordinates":[[141.02425,37.63923],[141.01853,37.64407],[140.97298,37.64208],[140.94023,37.66866],[140.91218,37.66168]]}},{"type":"Feature","properties":{"FAREACODE":"070028000100","RIVERNAME":"福島県夏井川","sourceLayer":0},"geometry":{"type":"LineString","coordinates":[[140.9752,37.05732],[140.96768,37.05894],[140.96276,37.05396],[140.94454,37.06224],[140.93651,37.05745],[140.92731,37.05994],[140.92294,37.05541],[140.9061,37.05522],[140.89466,37.06778],[140.88385,37.06952],[140.87284,37.07623],[140.87527,37.08171],[140.86159,37.09327],[140.85988,37.09927],[140.86591,37.10291],[140.86038,37.11672],[140.87023,37.11936],[140.87129,37.12608],[140.86317,37.12915],[140.85444,37.1276],[140.85136,37.1345],[140.83964,37.14178]]}},{"type":"Feature","properties":{"FAREACODE":"830301000100","RIVERNAME":"久慈川","sourceLayer":0},"geometry":{"type":"LineString","coordinates":[[140.61675,36.48112],[140.60293,36.48234],[140.57676,36.49594],[140.55969,36.49466],[140.54805,36.50484],[140.5357,36.49999],[140.52561,36.50382],[140.51501,36.50315],[140.5054,36.49422],[140.49053,36.49343],[140.46412,36.50624],[140.45805,36.51193],[140.45806,36.52027],[140.44913,36.52434],[140.44198,36.5381],[140.42664,36.54528],[140.42501,36.55399],[140.4111,36.56825],[140.41365,36.5877],[140.42155,36.59488]]}},{"type":"Feature","properties":{"FAREACODE":"830302000100","RIVERNAME":"那珂川","sourceLayer":0},"geometry":{"type":"LineString","coordinates":[[140.59596,36.33639],[140.58694,36.33613],[140.54998,36.361],[140.52009,36.36898],[140.50331,36.38213],[140.49266,36.37433],[140.48432,36.37539],[140.47493,36.38747],[140.45851,36.39568],[140.45637,36.41168],[140.43611,36.41363],[140.43026,36.42307],[140.42443,36.42401],[140.42452,36.44552],[140.40812,36.46372],[140.40761,36.48325],[140.39624,36.48831],[140.38525,36.50836],[140.37651,36.51297],[140.37171,36.52251],[140.34435,36.53929],[140.34138,36.54569],[140.31417,36.55357],[140.30822,36.56044],[140.28462,36.56046],[140.27718,36.56356],[140.25578,36.55817],[140.23386,36.56673],[140.21824,36.5773],[140.19066,36.56612],[140.19362,36.59025],[140.18382,36.59018],[140.17484,36.59626],[140.17004,36.61315],[140.15886,36.6263],[140.16723,36.63363],[140.16643,36.64142],[140.16143,36.64429],[140.16333,36.65008],[140.1731,36.65323],[140.17716,36.66056],[140.17221,36.66334],[140.16522,36.65761],[140.15123,36.68072],[140.15486,36.68723],[140.16667,36.68487],[140.16952,36.69134],[140.16143,36.69898],[140.1594,36.7155],[140.15146,36.71897],[140.13806,36.7435],[140.14196,36.75762],[140.13185,36.78149]]}},{"type":"Feature","properties":{"FAREACODE":"830303002800","RIVERNAME":"霞ヶ浦・北浦","sourceLayer":0},"geometry":{"type":"MultiLineString","coordinates":[[[140.71345,35.82946],[140.71149,35.83656],[140.68796,35.85773],[140.67181,35.86151],[140.65352,35.85962],[140.62503,35.87322],[140.6107,35.89673]],[[140.6107,35.89673],[140.59301,35.906],[140.58811,35.92057],[140.59201,35.93],[140.60954,35.92286],[140.61301,35.911],[140.6107,35.89673]],[[140.58811,35.92057],[140.57513,35.92216],[140.53785,35.93829],[140.50955,35.96028]],[[140.50955,35.96028],[140.49901,35.963],[140.49801,35.957],[140.49001,35.953],[140.47501,35.959],[140.46201,35.957],[140.45501,35.943],[140.45201,35.946],[140.45701,35.957],[140.46901,35.959],[140.44801,35.968],[140.44501,35.974],[140.45101,35.975],[140.44901,35.977],[140.41201,35.99],[140.40001,35.991],[140.39301,35.983],[140.36601,35.984],[140.35501,35.989],[140.35001,35.975],[140.34601,35.978],[140.34701,35.991],[140.36501,35.995],[140.37701,36.003],[140.37301,36.01],[140.35501,36.023],[140.35301,36.029],[140.34501,36.031],[140.32301,36.027],[140.31501,36.032],[140.29701,36.027],[140.27901,36.035],[140.26201,36.035],[140.23101,36.044],[140.22301,36.055],[140.21901,36.08],[140.21401,36.08],[140.21601,36.084],[140.22501,36.086],[140.23801,36.082],[140.24201,36.069],[140.27501,36.067],[140.29401,36.06],[140.30601,36.069],[140.33501,36.06],[140.34701,36.063],[140.36801,36.062],[140.39501,36.088],[140.37601,36.095],[140.37501,36.1],[140.38401,36.103],[140.33301,36.129],[140.33701,36.136],[140.32501,36.147],[140.32101,36.145],[140.30801,36.151],[140.30901,36.159],[140.31601,36.161],[140.33401,36.151],[140.34201,36.139],[140.35301,36.14],[140.35201,36.146],[140.35801,36.15],[140.36901,36.149],[140.39901,36.116],[140.39601,36.105],[140.40101,36.103],[140.40101,36.095],[140.41601,36.087],[140.41801,36.07],[140.43701,36.051],[140.46501,36.012],[140.47501,35.986],[140.49001,35.983],[140.49901,35.977],[140.50201,35.966],[140.50955,35.96028]],[[140.60954,35.92286],[140.61733,35.92558],[140.62413,35.94014],[140.61477,35.94758]],[[140.61477,35.94758],[140.60201,35.959],[140.58901,35.961],[140.57901,35.978],[140.58901,35.981],[140.55801,36.004],[140.54601,36.006],[140.53801,36.013],[140.54701,36.012],[140.56001,36.03],[140.54501,36.034],[140.53801,36.04],[140.55101,36.038],[140.55701,36.046],[140.54201,36.054],[140.54901,36.06],[140.52801,36.07],[140.53001,36.073],[140.53801,36.072],[140.53701,36.088],[140.52101,36.095],[140.53001,36.103],[140.52301,36.108],[140.52801,36.113],[140.52101,36.123],[140.52001,36.137],[140.52701,36.133],[140.53001,36.12],[140.53501,36.117],[140.53201,36.11],[140.53801,36.102],[140.53401,36.095],[140.54101,36.093],[140.54301,36.079],[140.55601,36.071],[140.55901,36.058],[140.57101,36.052],[140.57001,36.043],[140.57601,36.036],[140.57201,36.03],[140.57801,36.026],[140.58501,36.027],[140.58501,36.022],[140.58001,36.02],[140.58101,36.01],[140.59601,36.005],[140.59501,35.997],[140.60501,35.984],[140.59501,35.969],[140.60201,35.97],[140.61301,35.961],[140.61477,35.94758]]]}},{"type":"Feature","properties":{"FAREACODE":"830303015200","RIVERNAME":"小貝川","sourceLayer":0},"geometry":{"type":"MultiLineString","coordinates":[[[140.12711,35.92246],[140.12664,35.92966],[140.11554,35.9247],[140.10804,35.93284],[140.08958,35.9356],[140.08201,35.94466],[140.04529,35.93129],[140.02971,35.94084],[140.01873,35.95536],[140.00249,35.96372],[140.00475,35.97125],[139.99503,35.97619],[139.98887,35.99198],[139.99561,36.00651],[139.99436,36.01404],[140.02893,36.03359],[140.0272,36.04674],[140.01675,36.0587],[140.0063,36.06404],[140.00786,36.07125],[139.99803,36.08841],[140.00522,36.09597],[139.99969,36.10862],[140.00277,36.12098],[139.99807,36.13631],[140.00353,36.14529],[140.00193,36.15617],[140.01349,36.17916],[139.99897,36.18546],[139.99315,36.20326],[140.00381,36.2095],[139.99822,36.24881],[139.99341,36.25317],[139.99779,36.25665],[139.99723,36.26805],[139.99261,36.27107],[139.99505,36.27721],[139.99099,36.28229],[140.00378,36.3071],[140.00085,36.3257],[140.00711,36.35655],[140.00473,36.36493],[140.0126,36.37628],[140.01985,36.37635],[140.02026,36.38158],[140.03204,36.39213],[140.04093,36.41664],[140.05744,36.42365],[140.06859,36.43406]],[[139.99339,36.25381],[139.98547,36.25626],[139.97126,36.27772]]]}},{"type":"Feature","properties":{"FAREACODE":"830303004600","RIVERNAME":"利根川水系桜川","sourceLayer":0},"geometry":{"type":"LineString","coordinates":[[140.22059,36.0756],[140.2061,36.07446],[140.18549,36.08005],[140.1576,36.10958],[140.13808,36.11423],[140.126,36.12367],[140.12655,36.12989]]}},{"type":"Feature","properties":{"FAREACODE":"830303020300","RIVERNAME":"鬼怒川","sourceLayer":0},"geometry":{"type":"MultiLineString","coordinates":[[[139.95334,35.93446],[139.94563,35.94287],[139.94419,35.9524],[139.95363,35.97391],[139.97287,35.98026],[139.97693,35.99379],[139.97279,36.00944],[139.98464,36.0228],[139.9806,36.03437],[139.98807,36.04491],[139.97909,36.05535],[139.97784,36.0771],[139.96174,36.0884],[139.96769,36.11579],[139.95299,36.13151],[139.94399,36.16774],[139.93421,36.17503],[139.93673,36.19145],[139.93296,36.19656],[139.92172,36.19693],[139.91464,36.20904],[139.91653,36.21846],[139.90551,36.22978],[139.90527,36.2382],[139.88821,36.25317],[139.90807,36.27887],[139.91098,36.29217],[139.90707,36.30356],[139.91259,36.31976],[139.90787,36.32787],[139.91324,36.33434],[139.90888,36.36037],[139.9212,36.36727],[139.93232,36.38153],[139.92913,36.41981],[139.93989,36.43207],[139.93782,36.44055],[139.94251,36.44524],[139.94187,36.45305],[139.95732,36.46207],[139.96667,36.47725],[139.96566,36.49023],[139.94822,36.5064],[139.9541,36.52284],[139.95034,36.53928],[139.96103,36.56208],[139.97294,36.57457],[139.96628,36.58772],[139.97327,36.6089],[139.96193,36.62296],[139.95194,36.64654],[139.95016,36.67708],[139.94486,36.68639],[139.93791,36.68891],[139.93565,36.69616],[139.92312,36.70204],[139.90322,36.72416],[139.85351,36.72765]],[[139.911,36.34747],[139.90175,36.36236]]]}},{"type":"Feature","properties":{"FAREACODE":"830302000101","RIVERNAME":"那珂川上流部","sourceLayer":0},"geometry":{"type":"LineString","coordinates":[[140.13185,36.78149],[140.13252,36.80399],[140.12584,36.8143],[140.12935,36.83992],[140.12582,36.85011],[140.11796,36.85593],[140.12233,36.88086],[140.11853,36.88565],[140.12467,36.89324],[140.12673,36.91543],[140.1228,36.91515],[140.11151,36.92736],[140.10829,36.93436],[140.11073,36.93969],[140.0921,36.95285],[140.08929,36.96227],[140.07372,36.96987],[140.07039,36.97776],[140.06816,36.9757],[140.03318,36.99015],[140.03315,37.0019]]}},{"type":"Feature","properties":{"FAREACODE":"830302008300","RIVERNAME":"逆川","sourceLayer":0},"geometry":{"type":"LineString","coordinates":[[140.24398,36.56284],[140.24021,36.55966],[140.24672,36.55053],[140.23774,36.5522],[140.23214,36.54654],[140.22278,36.54846],[140.22049,36.53816],[140.21257,36.54046],[140.21299,36.53559],[140.2036,36.53077],[140.18661,36.53457],[140.18236,36.52755],[140.17142,36.52762],[140.1657,36.5224],[140.15866,36.50611],[140.16255,36.49554],[140.15949,36.48846],[140.16596,36.48417],[140.16546,36.47706],[140.17765,36.47259],[140.17837,36.46648]]}},{"type":"Feature","properties":{"FAREACODE":"830302009400","RIVERNAME":"荒川","sourceLayer":0},"geometry":{"type":"LineString","coordinates":[[140.16151,36.61969],[140.14982,36.62155],[140.14299,36.61865],[140.13809,36.62341],[140.14019,36.63036],[140.13151,36.63083],[140.12945,36.63591],[140.12593,36.63411],[140.1272,36.63964],[140.11403,36.64012],[140.12042,36.64691],[140.10256,36.65059],[140.11148,36.65884],[140.10982,36.66391],[140.10396,36.66537],[140.10186,36.66062],[140.09942,36.66563],[140.09068,36.66229],[140.09443,36.67177],[140.08137,36.67218],[140.08212,36.68189],[140.07439,36.67953],[140.07046,36.68627],[140.05553,36.69038],[140.05416,36.70162],[140.04479,36.70481],[140.04071,36.71209],[140.0035,36.71894],[139.98536,36.72529],[139.98198,36.72993],[139.96958,36.7305]]}},{"type":"Feature","properties":{"FAREACODE":"830302014300","RIVERNAME":"箒川","sourceLayer":0},"geometry":{"type":"LineString","coordinates":[[140.13185,36.78149],[140.11486,36.7851],[140.10342,36.79363],[140.09431,36.79289],[140.06846,36.80233],[140.05327,36.81219],[140.04475,36.81288],[140.03134,36.80718],[140.0227,36.8121],[140.00736,36.81188],[139.96444,36.82443]]}},{"type":"Feature","properties":{"FAREACODE":"830302014700","RIVERNAME":"蛇尾川","sourceLayer":0},"geometry":{"type":"LineString","coordinates":[[140.05771,36.81079],[140.05313,36.81564],[140.05969,36.82223],[140.05897,36.8302],[140.04786,36.83891],[140.05011,36.84906],[140.02945,36.87634],[140.03072,36.88697],[140.01281,36.89236],[140.00879,36.90794],[139.99383,36.92404]]}},{"type":"Feature","properties":{"FAREACODE":"830302018300","RIVERNAME":"余笹川","sourceLayer":0},"geometry":{"type":"LineString","coordinates":[[140.12673,36.91543],[140.13061,36.92287],[140.13894,36.92656],[140.13476,36.9274],[140.13514,36.93511],[140.14137,36.93786],[140.1329,36.9466],[140.13379,36.95242],[140.12845,36.95857],[140.13166,36.96196],[140.12171,36.96662],[140.11779,36.97755],[140.12211,36.98466],[140.11961,36.99453],[140.11292,36.99656],[140.11663,37.00599],[140.11352,37.01181],[140.11728,37.01595],[140.10186,37.02757]]}},{"type":"Feature","properties":{"FAREACODE":"830303015201","RIVERNAME":"小貝川上流部","sourceLayer":0},"geometry":{"type":"LineString","coordinates":[[140.06859,36.43406],[140.0873,36.46499],[140.0906,36.49639],[140.08446,36.51538],[140.08754,36.52218],[140.0994,36.52846],[140.09924,36.53811]]}},{"type":"Feature","properties":{"FAREACODE":"830303017900","RIVERNAME":"五行川","sourceLayer":0},"geometry":{"type":"LineString","coordinates":[[139.9787,36.37116],[139.97787,36.39392],[139.98785,36.40398],[139.98824,36.41254],[140.00991,36.43716],[140.02623,36.44842],[140.0273,36.45992],[140.03327,36.4635],[140.02296,36.48559],[140.0287,36.49141],[140.03953,36.52582],[140.05672,36.55309],[140.05392,36.56724]]}},{"type":"Feature","properties":{"FAREACODE":"830303021100","RIVERNAME":"田川","sourceLayer":0},"geometry":{"type":"LineString","coordinates":[[139.90173,36.36237],[139.8931,36.39576],[139.89803,36.40596],[139.89223,36.40854],[139.89583,36.41981],[139.88706,36.43246],[139.8938,36.4632],[139.88878,36.50876],[139.89282,36.51395],[139.88405,36.5316],[139.88519,36.54673],[139.89608,36.56109],[139.89202,36.58112]]}},{"type":"Feature","properties":{"FAREACODE":"830303048000","RIVERNAME":"思川","sourceLayer":0},"geometry":{"type":"LineString","coordinates":[[139.74,36.25554],[139.73981,36.26053],[139.74678,36.2627],[139.75423,36.27763],[139.77273,36.28938],[139.77665,36.30397],[139.79001,36.30777],[139.79828,36.31577],[139.79823,36.33347],[139.80791,36.33762],[139.80915,36.34762],[139.80122,36.37101],[139.79363,36.37575],[139.79204,36.38182],[139.79885,36.39765],[139.79773,36.40523],[139.76769,36.43773],[139.74895,36.47952],[139.72225,36.48788],[139.71382,36.50098]]}},{"type":"Feature","properties":{"FAREACODE":"830303048100","RIVERNAME":"姿川","sourceLayer":0},"geometry":{"type":"LineString","coordinates":[[139.80711,36.35262],[139.81099,36.35581],[139.80866,36.36737],[139.81246,36.37524],[139.81822,36.38163],[139.82581,36.38331],[139.82959,36.39571],[139.83796,36.40451],[139.84407,36.43356],[139.84164,36.4446],[139.84831,36.46188],[139.84622,36.4756],[139.83301,36.50095]]}},{"type":"Feature","properties":{"FAREACODE":"830303049400","RIVERNAME":"黒川","sourceLayer":0},"geometry":{"type":"LineString","coordinates":[[139.79885,36.40242],[139.81012,36.41474],[139.81,36.42449],[139.80558,36.43516],[139.79593,36.44134],[139.79244,36.45091],[139.77403,36.46782],[139.76814,36.48178],[139.75739,36.49254],[139.75975,36.51487],[139.75378,36.52989],[139.76079,36.55658],[139.75031,36.58172],[139.74109,36.5892]]}},{"type":"Feature","properties":{"FAREACODE":"830303051700","RIVERNAME":"永野川","sourceLayer":0},"geometry":{"type":"LineString","coordinates":[[139.73259,36.29331],[139.72446,36.29971],[139.72016,36.32153],[139.72442,36.32897],[139.71207,36.35518],[139.7154,36.36164],[139.71085,36.37232],[139.71164,36.38505],[139.69307,36.38988],[139.6882,36.42381],[139.68057,36.42619],[139.66555,36.43982],[139.65465,36.44054],[139.64178,36.44954],[139.63765,36.4655],[139.62893,36.47179]]}},{"type":"Feature","properties":{"FAREACODE":"830303053000","RIVERNAME":"秋山川","sourceLayer":0},"geometry":{"type":"LineString","coordinates":[[139.57193,36.28745],[139.56933,36.32385],[139.58175,36.33793],[139.59101,36.35948],[139.60076,36.36803],[139.59932,36.37927],[139.60727,36.39551],[139.60503,36.40948]]}},{"type":"Feature","properties":{"FAREACODE":"830303054800","RIVERNAME":"袋川","sourceLayer":0},"geometry":{"type":"LineString","coordinates":[[139.49517,36.30634],[139.49495,36.31203],[139.48034,36.31507],[139.47439,36.32154],[139.47536,36.34095],[139.45819,36.37175]]}},{"type":"Feature","properties":{"FAREACODE":"830303046101","RIVERNAME":"渡良瀬川上流部","sourceLayer":0},"geometry":{"type":"MultiLineString","coordinates":[[[139.46862,36.31692],[139.45997,36.31895],[139.44724,36.33337],[139.43304,36.33089],[139.40265,36.34334],[139.33223,36.39507],[139.30912,36.4234],[139.29828,36.43107],[139.28543,36.42903],[139.28066,36.43486]],[[139.37075,36.3672],[139.35962,36.39316],[139.34696,36.39542],[139.34395,36.40076],[139.35126,36.40836],[139.34904,36.41832],[139.35588,36.42681]]]}},{"type":"Feature","properties":{"FAREACODE":"830303068900","RIVERNAME":"烏川流域","sourceLayer":0},"geometry":{"type":"MultiLineString","coordinates":[[[139.18618,36.26467],[139.16485,36.27406],[139.10081,36.28475],[139.09098,36.291],[139.06378,36.29005],[139.04639,36.2936],[139.04071,36.28763],[139.03502,36.28825],[139.02104,36.29665],[138.98778,36.3345]],[[139.06537,36.2901],[139.05391,36.27409],[139.04471,36.27075]],[[138.99733,36.32589],[138.98344,36.32794]]]}},{"type":"Feature","properties":{"FAREACODE":"830303069600","RIVERNAME":"神流川","sourceLayer":0},"geometry":{"type":"LineString","coordinates":[[139.13728,36.27789],[139.11434,36.26179],[139.08944,36.23004],[139.08319,36.21574],[139.06453,36.20108],[139.06504,36.18951]]}},{"type":"Feature","properties":{"FAREACODE":"830303060000","RIVERNAME":"利根川水系石田川","sourceLayer":0},"geometry":{"type":"LineString","coordinates":[[139.37906,36.24413],[139.33626,36.26426],[139.31556,36.26021],[139.30521,36.26572],[139.29203,36.26683]]}},{"type":"Feature","properties":{"FAREACODE":"830303033900","RIVERNAME":"中川","sourceLayer":0},"geometry":{"type":"MultiLineString","coordinates":[[[139.83683,35.90692],[139.83626,35.91118]],[[139.86245,35.74732],[139.85463,35.76042],[139.85735,35.77144],[139.84395,35.79266],[139.86711,35.81146],[139.86927,35.81862],[139.84624,35.83001],[139.83854,35.8638],[139.83683,35.90692]]]}},{"type":"Feature","properties":{"FAREACODE":"830303043600","RIVERNAME":"綾瀬川（谷古宇区間）","sourceLayer":0},"geometry":{"type":"LineString","coordinates":[[139.82763,35.7931],[139.81945,35.79926],[139.82312,35.81088],[139.82075,35.82324],[139.80694,35.83711],[139.79914,35.85655],[139.79351,35.8589]]}},{"type":"Feature","properties":{"FAREACODE":"830303043603","RIVERNAME":"綾瀬川中流部（一の橋区間）","sourceLayer":0},"geometry":{"type":"LineString","coordinates":[[139.79351,35.8589],[139.77352,35.86007],[139.75595,35.87818],[139.74003,35.88809]]}},{"type":"Feature","properties":{"FAREACODE":"830304000300","RIVERNAME":"芝川・新芝川","sourceLayer":0},"geometry":{"type":"MultiLineString","coordinates":[[[139.72704,35.82207],[139.72532,35.83377],[139.70799,35.84728],[139.71365,35.86194]],[[139.74605,35.78452],[139.75921,35.7992],[139.73884,35.81917],[139.72705,35.82206]],[[139.74118,35.78189],[139.74605,35.78452]]]}},{"type":"Feature","properties":{"FAREACODE":"830304001200","RIVERNAME":"新河岸川","sourceLayer":0},"geometry":{"type":"LineString","coordinates":[[139.64133,35.79797],[139.61001,35.81413],[139.60419,35.8229],[139.56127,35.85023],[139.54223,35.87746],[139.52848,35.8808],[139.52062,35.89053],[139.50533,35.8917],[139.50318,35.89679],[139.49476,35.90051]]}},{"type":"Feature","properties":{"FAREACODE":"830303000101","RIVERNAME":"利根川上流部","sourceLayer":0},"geometry":{"type":"MultiLineString","coordinates":[[[139.77438,36.11158],[139.74988,36.13098],[139.70987,36.1355],[139.69807,36.15389],[139.6178,36.18734],[139.60557,36.20256],[139.59495,36.20912],[139.58304,36.20921],[139.52784,36.19115],[139.50641,36.19342],[139.46518,36.18925],[139.44268,36.1979],[139.40956,36.22315],[139.37181,36.24431],[139.36016,36.24626],[139.34983,36.24151],[139.3205,36.23792],[139.28087,36.24442],[139.25535,36.25545],[139.24935,36.25202],[139.22613,36.25257],[139.18534,36.26509],[139.15839,36.29547]],[[139.34199,36.24042],[139.32757,36.2502],[139.31797,36.24678]],[[139.34752,36.24131],[139.32872,36.2302],[139.30999,36.23155],[139.30686,36.22632]],[[139.2633,36.25371],[139.25356,36.26059]]]}},{"type":"Feature","properties":{"FAREACODE":"830303000102","RIVERNAME":"利根川下流部","sourceLayer":0},"geometry":{"type":"LineString","coordinates":[[140.85126,35.74379],[140.84671,35.74004],[140.82078,35.73953],[140.74182,35.78435],[140.72587,35.79862],[140.71345,35.82946],[140.68808,35.8471],[140.61763,35.86343],[140.56392,35.90293],[140.54853,35.90519],[140.51328,35.90062],[140.46721,35.91818],[140.42172,35.90639],[140.39712,35.9092],[140.36389,35.89942],[140.3345,35.87206],[140.31888,35.86452],[140.30679,35.8647],[140.27908,35.87402],[140.24086,35.85436],[140.22878,35.85495],[140.21445,35.86181],[140.20489,35.86111],[140.16903,35.84583]]}},{"type":"Feature","properties":{"FAREACODE":"830303000103","RIVERNAME":"利根川中流部","sourceLayer":0},"geometry":{"type":"MultiLineString","coordinates":[[[140.21445,35.86181],[140.2028,35.86047],[140.16903,35.84583],[140.14981,35.84366],[140.12316,35.87304],[140.09603,35.88315],[140.07407,35.88374],[140.04569,35.89252],[140.01766,35.90978],[139.99535,35.90964],[139.9377,35.94085],[139.92332,35.96552],[139.88436,35.98854],[139.87653,36.01065],[139.81523,36.05943],[139.80208,36.09262],[139.77438,36.11158]],[[140.12722,35.87099],[140.12583,35.87964],[140.14319,35.89149],[140.14905,35.90337],[140.14646,35.91032],[140.12711,35.92246]]]}},{"type":"Feature","properties":{"FAREACODE":"830303030400","RIVERNAME":"江戸川","sourceLayer":0},"geometry":{"type":"MultiLineString","coordinates":[[[139.89272,35.74815],[139.8977,35.74628],[139.88337,35.75835],[139.87931,35.76808],[139.89478,35.77984],[139.88851,35.79321],[139.89154,35.81927],[139.88763,35.82417],[139.8898,35.8427],[139.89999,35.86487],[139.88888,35.89399],[139.8676,35.92528],[139.84756,35.93946],[139.83847,35.95268],[139.83422,35.96819],[139.82532,35.97354],[139.82652,35.98379],[139.81432,35.99701],[139.81709,36.00319],[139.81348,36.02292],[139.81761,36.03185],[139.78305,36.06965],[139.77438,36.11158]],[[139.8977,35.74628],[139.90101,35.73813],[139.89739,35.72527],[139.91636,35.70684],[139.93191,35.69802],[139.93962,35.6871]]]}},{"type":"Feature","properties":{"FAREACODE":"830303046102","RIVERNAME":"渡良瀬川下流部","sourceLayer":0},"geometry":{"type":"MultiLineString","coordinates":[[[139.69807,36.15389],[139.69109,36.17215],[139.69402,36.18945],[139.68748,36.198],[139.69823,36.21454],[139.69804,36.22039],[139.67135,36.25077],[139.67274,36.25963],[139.66375,36.26495],[139.65808,36.26228],[139.63731,36.26533],[139.63271,36.27112],[139.62031,36.27414],[139.60788,36.26797],[139.56112,36.26739],[139.5516,36.2767],[139.51171,36.29513],[139.50797,36.30236],[139.49949,36.30201],[139.48886,36.31068],[139.46862,36.31692]],[[139.69804,36.22039],[139.70634,36.22579],[139.70818,36.23215],[139.7363,36.24706],[139.74,36.25554]],[[139.68021,36.24419],[139.69539,36.26709],[139.7193,36.27153],[139.73259,36.29331]]]}},{"type":"Feature","properties":{"FAREACODE":"830304000100","RIVERNAME":"荒川","sourceLayer":0},"geometry":{"type":"LineString","coordinates":[[139.84579,35.65781],[139.84758,35.67567],[139.85764,35.69349],[139.85636,35.70376],[139.82523,35.73562],[139.81134,35.75546],[139.80114,35.75942],[139.76611,35.759],[139.73339,35.78915],[139.70629,35.79278],[139.69167,35.80074],[139.64815,35.80027],[139.62227,35.81058],[139.6218,35.82598],[139.61024,35.83137],[139.59783,35.84801],[139.57907,35.86345],[139.55785,35.90238],[139.54668,35.90916],[139.53954,35.93182],[139.54594,35.94144],[139.54555,35.95233],[139.53069,35.97386],[139.50025,36.00153],[139.50511,36.02823],[139.49969,36.04882],[139.48954,36.05724],[139.47242,36.06068],[139.45077,36.08371],[139.43766,36.08485],[139.431,36.10321],[139.38624,36.134],[139.34731,36.14077],[139.33393,36.13665],[139.30899,36.13852],[139.29289,36.13337],[139.26631,36.13351],[139.25307,36.11971],[139.24288,36.11813]]}},{"type":"Feature","properties":{"FAREACODE":"830305000100","RIVERNAME":"多摩川","sourceLayer":0},"geometry":{"type":"LineString","coordinates":[[139.77551,35.53513],[139.75434,35.5441],[139.70186,35.53715],[139.69804,35.54407],[139.70324,35.55276],[139.67935,35.56265],[139.66558,35.58897],[139.64708,35.59425],[139.62928,35.60788],[139.60532,35.61681],[139.57445,35.62167],[139.56192,35.63454],[139.52682,35.642],[139.51489,35.65139],[139.45138,35.65312],[139.4359,35.66166],[139.4244,35.67717],[139.4097,35.68478],[139.39182,35.68617],[139.3751,35.69415],[139.3575,35.69357],[139.34106,35.69822],[139.33036,35.71141],[139.32939,35.72206],[139.32034,35.73285],[139.31722,35.74457],[139.30797,35.75617],[139.29704,35.76029],[139.29266,35.77481],[139.2764,35.783],[139.25733,35.78364],[139.25607,35.787],[139.25446,35.78375],[139.24928,35.78498]]}},{"type":"Feature","properties":{"FAREACODE":"830305002000","RIVERNAME":"浅川","sourceLayer":0},"geometry":{"type":"LineString","coordinates":[[139.4359,35.66166],[139.41729,35.66804],[139.40009,35.66422],[139.37018,35.64376],[139.34153,35.66565],[139.3124,35.66841]]}},{"type":"Feature","properties":{"FAREACODE":"130005000100","RIVERNAME":"目黒川","sourceLayer":0},"geometry":{"type":"LineString","coordinates":[[139.74817,35.61777],[139.73534,35.61626],[139.71529,35.62815],[139.69922,35.64555],[139.68556,35.65144]]}},{"type":"Feature","properties":{"FAREACODE":"130006000100","RIVERNAME":"渋谷川・古川","sourceLayer":0},"geometry":{"type":"MultiLineString","coordinates":[[[139.75914,35.65258],[139.73783,35.6558],[139.73574,35.64639],[139.72336,35.64697]],[[139.72331,35.64701],[139.71036,35.64904],[139.70295,35.6575]]]}},{"type":"Feature","properties":{"FAREACODE":"830304004400","RIVERNAME":"神田川","sourceLayer":0},"geometry":{"type":"LineString","coordinates":[[139.7889,35.69481],[139.74482,35.70276],[139.74291,35.7078],[139.73105,35.7108],[139.69727,35.71534],[139.68852,35.70719],[139.68431,35.6928],[139.66693,35.69099],[139.6612,35.68087],[139.65113,35.67994],[139.64191,35.67004],[139.63352,35.67584],[139.62529,35.6759],[139.61865,35.68274],[139.59491,35.6881],[139.58177,35.69812]]}},{"type":"Feature","properties":{"FAREACODE":"830306000100","RIVERNAME":"鶴見川","sourceLayer":0},"geometry":{"type":"LineString","coordinates":[[139.68344,35.47824],[139.67705,35.4994],[139.68832,35.50991],[139.67711,35.51629],[139.67332,35.5286],[139.65899,35.5376],[139.65302,35.53857],[139.64751,35.53369],[139.62133,35.53514],[139.6158,35.52357],[139.61811,35.51405],[139.59883,35.51735],[139.59246,35.51438]]}},{"type":"Feature","properties":{"FAREACODE":"830307000102","RIVERNAME":"相模川下流","sourceLayer":0},"geometry":{"type":"LineString","coordinates":[[139.36791,35.3144],[139.37093,35.37384]]}},{"type":"Feature","properties":{"FAREACODE":"140019000100","RIVERNAME":"酒匂川","sourceLayer":0},"geometry":{"type":"LineString","coordinates":[[139.1821,35.25847],[139.17535,35.26872],[139.16344,35.27483],[139.14651,35.31986],[139.13111,35.34514],[139.11227,35.35255],[139.09658,35.34584],[139.09144,35.35118],[139.07581,35.3492],[139.07015,35.3563]]}},{"type":"Feature","properties":{"FAREACODE":"830307000103","RIVERNAME":"相模川中流","sourceLayer":0},"geometry":{"type":"LineString","coordinates":[[139.37093,35.37384],[139.37737,35.38653],[139.36874,35.41115],[139.37577,35.42949],[139.37154,35.44967],[139.38024,35.4674],[139.37237,35.48737],[139.37721,35.49812],[139.37593,35.51714],[139.36623,35.51917],[139.32578,35.54404],[139.32394,35.55503],[139.31099,35.57218],[139.3018,35.57698],[139.29914,35.58656]]}},{"type":"Feature","properties":{"FAREACODE":"840401000100","RIVERNAME":"荒川","sourceLayer":0},"geometry":{"type":"LineString","coordinates":[[139.40627,38.14957],[139.42734,38.14852],[139.44743,38.1363],[139.46574,38.1324],[139.46789,38.12254],[139.49671,38.10507],[139.51693,38.10831],[139.53696,38.0993],[139.54361,38.10114],[139.57193,38.09439],[139.57841,38.082],[139.59283,38.08193]]}},{"type":"Feature","properties":{"FAREACODE":"840402000100","RIVERNAME":"阿賀野川","sourceLayer":0},"geometry":{"type":"LineString","coordinates":[[139.12917,37.96156],[139.14441,37.93318],[139.15711,37.88638],[139.17607,37.86913],[139.17226,37.86268],[139.15206,37.84866],[139.15971,37.83285],[139.15127,37.8148],[139.15415,37.8085],[139.17418,37.80488],[139.17713,37.78761],[139.21967,37.76742],[139.21785,37.75537],[139.22877,37.7487],[139.2579,37.74594],[139.28321,37.73689]]}},{"type":"Feature","properties":{"FAREACODE":"840403000102","RIVERNAME":"信濃川下流・中ノ口川","sourceLayer":0},"geometry":{"type":"MultiLineString","coordinates":[[[139.06736,37.95085],[139.0521,37.91789],[139.0227,37.90527],[139.01226,37.89181],[139.02383,37.87367],[139.02507,37.84551],[139.03567,37.8393],[139.05332,37.84008],[139.06136,37.83512],[139.06522,37.8112],[139.0635,37.79557],[139.05772,37.786],[139.07161,37.77261],[139.06384,37.76148],[139.06755,37.74985],[139.06184,37.72841],[139.04738,37.71958],[139.0336,37.70344],[139.02971,37.68809],[139.02134,37.68459],[139.0044,37.68716],[138.99833,37.6843],[138.99915,37.67837],[139.01006,37.6756],[139.00831,37.67023],[138.97889,37.66836],[138.9586,37.66033],[138.95554,37.65083],[138.94481,37.64424],[138.94785,37.63498],[138.94524,37.63066],[138.92716,37.63114],[138.89843,37.62263],[138.8741,37.62389],[138.84511,37.60853]],[[139.00305,37.91012],[139.01226,37.89181]],[[139.02337,37.86262],[139.01872,37.85627],[139.02096,37.8443],[139.00928,37.84035],[139.00045,37.82511],[139.00657,37.81605],[139.00326,37.81225],[139.00579,37.80486],[139.01209,37.79969],[139.00946,37.79499],[139.01603,37.78793],[139.00876,37.75756],[139.01315,37.74748],[139.00622,37.74554],[139.00358,37.73164],[138.99572,37.72679],[138.99539,37.71775],[138.98526,37.71017],[138.98588,37.70048],[138.97782,37.69227],[138.97904,37.68324],[138.9577,37.67579],[138.95662,37.66335],[138.95202,37.66007],[138.92925,37.66279],[138.92296,37.66049],[138.92109,37.65407],[138.92707,37.64546],[138.91895,37.63284]]]}},{"type":"Feature","properties":{"FAREACODE":"840403000103","RIVERNAME":"信濃川中流","sourceLayer":0},"geometry":{"type":"MultiLineString","coordinates":[[[138.84511,37.60853],[138.83992,37.60789],[138.81852,37.56154],[138.82498,37.547],[138.84624,37.5246],[138.84868,37.47031],[138.83549,37.45568],[138.83775,37.44536],[138.82081,37.43466],[138.82149,37.41809],[138.81014,37.39914],[138.80863,37.37681],[138.81702,37.36538],[138.81694,37.35102],[138.82527,37.34601],[138.8271,37.33737],[138.81184,37.32839],[138.80114,37.30499],[138.81617,37.29194],[138.83486,37.28857],[138.83585,37.27792],[138.85078,37.27535],[138.85255,37.26931],[138.84793,37.26289],[138.84041,37.26318],[138.83791,37.25058],[138.83157,37.25304],[138.83199,37.26336],[138.82466,37.26455],[138.81383,37.25843],[138.80808,37.24502],[138.79902,37.248],[138.7791,37.2383],[138.78186,37.2275],[138.7771,37.2131],[138.77153,37.20969],[138.7687,37.16971],[138.7614,37.15998],[138.74214,37.14837],[138.74143,37.14131],[138.73166,37.12977],[138.73344,37.11962],[138.71007,37.08275],[138.71282,37.07134],[138.70852,37.06546],[138.69869,37.0668]],[[138.77637,37.66736],[138.803,37.65515],[138.81866,37.64185],[138.83793,37.61754],[138.83992,37.60789]]]}},{"type":"Feature","properties":{"FAREACODE":"840403023700","RIVERNAME":"魚野川","sourceLayer":0},"geometry":{"type":"LineString","coordinates":[[138.85265,37.27346],[138.86452,37.26421],[138.86911,37.25096],[138.8848,37.26797],[138.90082,37.25809],[138.91293,37.25787],[138.93343,37.24156],[138.95391,37.23595],[138.95718,37.23034],[138.95887,37.21261],[138.92452,37.1766],[138.93023,37.14598],[138.9123,37.11554]]}},{"type":"Feature","properties":{"FAREACODE":"840404000100","RIVERNAME":"関川","sourceLayer":0},"geometry":{"type":"LineString","coordinates":[[138.24628,37.18343],[138.25055,37.16829],[138.24515,37.16466],[138.24532,37.13728],[138.26202,37.12355],[138.26749,37.09789],[138.27914,37.08704]]}},{"type":"Feature","properties":{"FAREACODE":"840405000100","RIVERNAME":"姫川","sourceLayer":0},"geometry":{"type":"LineString","coordinates":[[137.83236,37.04102],[137.83511,37.03247],[137.85737,37.01813],[137.86897,36.99741],[137.86751,36.98848],[137.8724,36.98142],[137.86206,36.9682],[137.85833,36.95343]]}},{"type":"Feature","properties":{"FAREACODE":"840406000100","RIVERNAME":"黒部川","sourceLayer":0},"geometry":{"type":"LineString","coordinates":[[137.4245,36.92068],[137.45771,36.90187],[137.4942,36.89437],[137.51871,36.87778],[137.54967,36.86359],[137.56622,36.84542],[137.56207,36.83706],[137.57454,36.81876],[137.58419,36.81919],[137.59062,36.81162]]}},{"type":"Feature","properties":{"FAREACODE":"840407000100","RIVERNAME":"常願寺川","sourceLayer":0},"geometry":{"type":"LineString","coordinates":[[137.29439,36.75715],[137.2859,36.73549],[137.27227,36.71684],[137.28253,36.67702],[137.28406,36.64549],[137.31837,36.59896],[137.32148,36.58822],[137.33162,36.58373],[137.33283,36.57968]]}},{"type":"Feature","properties":{"FAREACODE":"840408000102","RIVERNAME":"神通川","sourceLayer":0},"geometry":{"type":"MultiLineString","coordinates":[[[137.22229,36.76134],[137.21844,36.74878],[137.22051,36.73586],[137.20556,36.72083],[137.20543,36.70903],[137.1814,36.64347],[137.18624,36.63054],[137.18164,36.61084],[137.18746,36.59733],[137.17969,36.58126],[137.20045,36.56008]],[[137.18214,36.60978],[137.17635,36.59998],[137.18004,36.58445]]]}},{"type":"Feature","properties":{"FAREACODE":"840409000100","RIVERNAME":"庄川","sourceLayer":0},"geometry":{"type":"LineString","coordinates":[[137.07613,36.78985],[137.05988,36.77924],[137.04282,36.7346],[137.01505,36.70525],[137.00677,36.69091],[137.00727,36.64855],[136.99056,36.58279],[136.99556,36.5751]]}},{"type":"Feature","properties":{"FAREACODE":"840410000100","RIVERNAME":"小矢部川","sourceLayer":0},"geometry":{"type":"LineString","coordinates":[[137.06794,36.79384],[137.0507,36.78113],[137.03611,36.77986],[137.0308,36.77129],[137.01086,36.76358],[137.00144,36.77497],[136.99063,36.76679],[136.97885,36.76507],[136.98433,36.75596],[136.98176,36.74942],[136.96465,36.74781],[136.94307,36.7248],[136.88631,36.69117],[136.88156,36.67491],[136.86952,36.66778],[136.87248,36.65144],[136.89209,36.62575],[136.89091,36.61892],[136.90475,36.61217]]}},{"type":"Feature","properties":{"FAREACODE":"840411000100","RIVERNAME":"手取川","sourceLayer":0},"geometry":{"type":"LineString","coordinates":[[136.47904,36.4894],[136.4839,36.47142],[136.49703,36.46456],[136.56201,36.4593],[136.56681,36.46186],[136.59923,36.45978],[136.61452,36.45515],[136.62202,36.44312],[136.63177,36.43753],[136.62954,36.42946]]}},{"type":"Feature","properties":{"FAREACODE":"840412000100","RIVERNAME":"梯川","sourceLayer":0},"geometry":{"type":"LineString","coordinates":[[136.41802,36.4222],[136.42781,36.41453],[136.46779,36.41538],[136.48576,36.40657],[136.49703,36.40971],[136.50133,36.40464],[136.51008,36.40585],[136.5178,36.4001],[136.50492,36.38753]]}},{"type":"Feature","properties":{"FAREACODE":"860607000100","RIVERNAME":"九頭竜川","sourceLayer":0},"geometry":{"type":"LineString","coordinates":[[136.13282,36.2193],[136.14142,36.21712],[136.14684,36.20974],[136.14831,36.19687],[136.15617,36.19028],[136.14736,36.17146],[136.16175,36.15898],[136.16584,36.14501],[136.1777,36.13598],[136.17084,36.12138],[136.17449,36.11199],[136.19204,36.11037],[136.20174,36.09909],[136.21355,36.1022],[136.22087,36.09913],[136.25002,36.10971],[136.28224,36.09857],[136.29851,36.09677],[136.32277,36.10385],[136.33819,36.09592]]}},{"type":"Feature","properties":{"FAREACODE":"860607001902","RIVERNAME":"日野川下流","sourceLayer":0},"geometry":{"type":"LineString","coordinates":[[136.18248,36.11001],[136.18372,36.10169],[136.17968,36.09559],[136.18708,36.08996],[136.18057,36.08259],[136.18234,36.07457],[136.16688,36.07042],[136.16221,36.06406],[136.17255,36.04106],[136.18224,36.03557],[136.17803,36.0302]]}},{"type":"Feature","properties":{"FAREACODE":"860608000100","RIVERNAME":"北川","sourceLayer":0},"geometry":{"type":"MultiLineString","coordinates":[[[135.74356,35.50798],[135.75759,35.49924],[135.78529,35.4924],[135.81207,35.47532],[135.85671,35.46812],[135.88179,35.45109],[135.8906,35.45079]],[[135.78638,35.49149],[135.78829,35.48371],[135.78485,35.4813]]]}},{"type":"Feature","properties":{"FAREACODE":"180006000100","RIVERNAME":"南川水系南川","sourceLayer":0},"geometry":{"type":"LineString","coordinates":[[135.7414,35.50426],[135.74969,35.50158],[135.75753,35.48906],[135.72663,35.46662],[135.71523,35.45239]]}},{"type":"Feature","properties":{"FAREACODE":"180014000100","RIVERNAME":"笙の川水系笙の川","sourceLayer":0},"geometry":{"type":"LineString","coordinates":[[136.05935,35.65729],[136.06467,35.64395],[136.0606,35.62999],[136.0796,35.62178],[136.08314,35.61473]]}},{"type":"Feature","properties":{"FAREACODE":"860607000200","RIVERNAME":"九頭竜川水系竹田川","sourceLayer":0},"geometry":{"type":"LineString","coordinates":[[136.14473,36.21282],[136.15701,36.20609],[136.16425,36.20675],[136.16895,36.21621],[136.17611,36.21745],[136.19649,36.20703],[136.21265,36.21424],[136.22886,36.21602],[136.2353,36.21104],[136.23722,36.20077],[136.2491,36.20098],[136.25982,36.19464],[136.2634,36.1838],[136.25768,36.17728],[136.25998,36.17447],[136.27377,36.17062],[136.29536,36.17514]]}},{"type":"Feature","properties":{"FAREACODE":"860607001903","RIVERNAME":"九頭竜川水系日野川中流","sourceLayer":0},"geometry":{"type":"LineString","coordinates":[[136.17803,36.0302],[136.16738,36.01911],[136.15661,35.99122],[136.16738,35.97505],[136.17596,35.93638],[136.17425,35.90161],[136.16826,35.8767],[136.17793,35.86953],[136.18319,35.85676]]}},{"type":"Feature","properties":{"FAREACODE":"860607002200","RIVERNAME":"九頭竜川水系足羽川","sourceLayer":0},"geometry":{"type":"LineString","coordinates":[[136.18278,36.0765],[136.1937,36.06446],[136.2084,36.06472],[136.22182,36.0536],[136.22808,36.05506],[136.23851,36.04782],[136.25232,36.02888],[136.29133,36.02143]]}},{"type":"Feature","properties":{"FAREACODE":"830308000100","RIVERNAME":"富士川（釜無川を含む）","sourceLayer":0},"geometry":{"type":"MultiLineString","coordinates":[[[138.47181,35.54896],[138.47771,35.56456],[138.4969,35.57428],[138.50858,35.59025],[138.51094,35.60004],[138.50576,35.615],[138.50507,35.64495],[138.4969,35.67414],[138.47748,35.68105],[138.47443,35.68698],[138.44351,35.70818]],[[138.63825,35.1172],[138.63163,35.13025],[138.63278,35.14118],[138.6242,35.14835],[138.61795,35.17917],[138.60589,35.18574],[138.60706,35.19213],[138.59461,35.18949],[138.58855,35.19504],[138.57731,35.19593],[138.56564,35.19087],[138.54125,35.21218],[138.5374,35.22599],[138.5226,35.2158],[138.52607,35.22636],[138.514,35.22753],[138.50423,35.23977],[138.49563,35.23906],[138.4701,35.26345],[138.4616,35.27566],[138.45523,35.30776],[138.44434,35.31709],[138.44854,35.34165],[138.44005,35.34578],[138.43865,35.35449],[138.44944,35.35743],[138.45204,35.36203],[138.45175,35.38378],[138.44669,35.39717],[138.45643,35.41765],[138.4499,35.43314],[138.44027,35.43548],[138.43874,35.44116],[138.4473,35.45023],[138.44207,35.46476],[138.44749,35.48106],[138.45319,35.48323],[138.45453,35.48854],[138.44667,35.50409],[138.45899,35.51076],[138.45205,35.52349],[138.45168,35.53422],[138.47181,35.54896]]]}},{"type":"Feature","properties":{"FAREACODE":"830308039500","RIVERNAME":"笛吹川","sourceLayer":0},"geometry":{"type":"LineString","coordinates":[[138.47181,35.54896],[138.48097,35.56205],[138.4969,35.57155],[138.52163,35.57562],[138.54399,35.58884],[138.55658,35.58951],[138.56612,35.59669],[138.58276,35.60046],[138.58804,35.607],[138.62189,35.62479],[138.64399,35.64856],[138.66646,35.664],[138.68388,35.69476],[138.70092,35.71134]]}},{"type":"Feature","properties":{"FAREACODE":"830308045500","RIVERNAME":"荒川","sourceLayer":0},"geometry":{"type":"LineString","coordinates":[[138.56193,35.59394],[138.57164,35.60001],[138.57373,35.60586],[138.56359,35.63914],[138.56604,35.65314],[138.55249,35.66264],[138.54898,35.66987]]}},{"type":"Feature","properties":{"FAREACODE":"830308065700","RIVERNAME":"塩川","sourceLayer":0},"geometry":{"type":"LineString","coordinates":[[138.46924,35.69666],[138.45799,35.70855],[138.45173,35.73331],[138.42718,35.7684]]}},{"type":"Feature","properties":{"FAREACODE":"840403000100","RIVERNAME":"千曲川","sourceLayer":0},"geometry":{"type":"LineString","coordinates":[[138.42054,36.93608],[138.40622,36.92939],[138.39776,36.9155],[138.40424,36.88556],[138.37686,36.86825],[138.37067,36.86015],[138.36685,36.8449],[138.35348,36.82315],[138.35773,36.80523],[138.34527,36.80393],[138.34695,36.79436],[138.33617,36.78847],[138.34271,36.77799],[138.33479,36.77871],[138.33184,36.76949],[138.32067,36.76527],[138.32528,36.75309],[138.30936,36.74156],[138.30799,36.71624],[138.28115,36.69062],[138.27647,36.67477],[138.26447,36.65904],[138.26489,36.65224],[138.24855,36.6238],[138.22715,36.60647],[138.21975,36.60543],[138.2132,36.59444],[138.19607,36.59609],[138.18557,36.56667],[138.16623,36.56997],[138.15277,36.55729],[138.13123,36.55868],[138.10657,36.5249],[138.10728,36.51854],[138.11863,36.50909],[138.11976,36.50311],[138.13274,36.49939],[138.14078,36.4924],[138.14769,36.47776],[138.18369,36.45392],[138.18132,36.44161],[138.19748,36.41289],[138.22752,36.40678],[138.25491,36.38924],[138.26758,36.37651],[138.28444,36.36836],[138.2961,36.36819]]}},{"type":"Feature","properties":{"FAREACODE":"840403070500","RIVERNAME":"犀川","sourceLayer":0},"geometry":{"type":"LineString","coordinates":[[138.24965,36.62616],[138.21615,36.61698],[138.165,36.62321],[138.12536,36.62026]]}},{"type":"Feature","properties":{"FAREACODE":"850505000101","RIVERNAME":"天竜川上流","sourceLayer":0},"geometry":{"type":"LineString","coordinates":[[137.81914,35.44089],[137.81895,35.45521],[137.83712,35.46556],[137.84352,35.47735],[137.85871,35.4902],[137.86398,35.51489],[137.8814,35.53346],[137.89843,35.56682],[137.90394,35.57234],[137.91744,35.57465],[137.92228,35.58849],[137.93225,35.60028],[137.92278,35.60962],[137.92644,35.62828],[137.937,35.62592],[137.93388,35.63596],[137.9449,35.64265],[137.94453,35.65446],[137.95239,35.67209],[137.94458,35.67598],[137.95554,35.69252],[137.95194,35.70249],[137.96233,35.70305],[137.96966,35.71647],[137.969,35.73867],[137.95857,35.76064],[137.96111,35.77614],[137.94557,35.80916],[137.95215,35.83017],[137.97269,35.84751],[137.99183,35.88364],[137.99583,35.91713],[137.98543,35.92707],[137.98984,35.93371],[137.98806,35.94059],[137.99358,35.94416],[137.99377,35.95398],[137.98361,35.95735],[137.9815,35.96389],[137.99585,35.97295],[137.99426,35.97956]]}},{"type":"Feature","properties":{"FAREACODE":"840403000101","RIVERNAME":"信濃川水系千曲川上流","sourceLayer":0},"geometry":{"type":"LineString","coordinates":[[138.2961,36.36819],[138.30981,36.35881],[138.31961,36.35998],[138.32757,36.34933],[138.33778,36.35069],[138.34526,36.33921],[138.35272,36.34119],[138.37999,36.3381],[138.39098,36.33017],[138.40136,36.33471],[138.40614,36.3305],[138.40455,36.32669],[138.41139,36.32684],[138.42216,36.31236],[138.41763,36.30718],[138.42177,36.3033],[138.42093,36.29661],[138.42605,36.29526],[138.41892,36.29086],[138.4163,36.28339],[138.42284,36.27916],[138.41433,36.26385],[138.42051,36.25897],[138.41797,36.25362],[138.42624,36.25314],[138.43093,36.24769],[138.44835,36.24778],[138.46647,36.23645],[138.48615,36.21694],[138.48342,36.19397]]}},{"type":"Feature","properties":{"FAREACODE":"840403070600","RIVERNAME":"信濃川水系裾花川","sourceLayer":0},"geometry":{"type":"LineString","coordinates":[[138.18057,36.62188],[138.17934,36.64836],[138.17223,36.65648]]}},{"type":"Feature","properties":{"FAREACODE":"840403089800","RIVERNAME":"信濃川水系奈良井川","sourceLayer":0},"geometry":{"type":"LineString","coordinates":[[137.9446,36.26509],[137.95425,36.23427],[137.94214,36.20976],[137.94955,36.19701],[137.94631,36.1698],[137.91482,36.09885]]}},{"type":"Feature","properties":{"FAREACODE":"850505071753","RIVERNAME":"天竜川水系諏訪湖","sourceLayer":0},"geometry":{"type":"LineString","coordinates":[[138.053,36.054],[138.102,36.067],[138.109,36.061],[138.113,36.05],[138.101,36.039],[138.094,36.04],[138.079,36.029],[138.053,36.054]]}},{"type":"Feature","properties":{"FAREACODE":"850509000103","RIVERNAME":"木曽川中流","sourceLayer":0},"geometry":{"type":"LineString","coordinates":[[136.67793,35.23132],[136.68133,35.24437],[136.69713,35.25804],[136.70075,35.27005],[136.7187,35.28714],[136.72171,35.29674],[136.73319,35.30153],[136.75998,35.35849],[136.76912,35.36766],[136.79835,35.36921],[136.81223,35.36644],[136.83418,35.37185],[136.87205,35.37303],[136.89132,35.37868],[136.92315,35.37964],[136.96195,35.40023],[136.96441,35.42099],[137.00537,35.42487],[137.01092,35.43567],[137.04213,35.43983]]}},{"type":"Feature","properties":{"FAREACODE":"850509000203","RIVERNAME":"揖斐川中流","sourceLayer":0},"geometry":{"type":"MultiLineString","coordinates":[[[136.61876,35.2457],[136.61992,35.25618],[136.61228,35.26522],[136.6112,35.27415],[136.62022,35.29918],[136.63849,35.31429],[136.63834,35.33356],[136.6574,35.3486],[136.65676,35.37697],[136.64247,35.39521],[136.64058,35.40568],[136.63009,35.41064],[136.6162,35.42567],[136.58615,35.46934],[136.57547,35.479],[136.54877,35.48717],[136.53329,35.50319]],[[136.6398,35.40664],[136.63303,35.41986],[136.63397,35.44004],[136.65589,35.4795],[136.65941,35.50519]]]}},{"type":"Feature","properties":{"FAREACODE":"850509000403","RIVERNAME":"長良川中流","sourceLayer":0},"geometry":{"type":"LineString","coordinates":[[136.67112,35.24255],[136.66608,35.25572],[136.67717,35.27887],[136.66421,35.30976],[136.66915,35.31867],[136.6879,35.33203],[136.68821,35.36277],[136.70554,35.38583],[136.7002,35.4028],[136.71819,35.41913],[136.73935,35.41939],[136.74495,35.42824],[136.75781,35.43077],[136.77,35.43936],[136.79516,35.43786],[136.81106,35.44617]]}},{"type":"Feature","properties":{"FAREACODE":"840408000101","RIVERNAME":"神通川水系宮川","sourceLayer":0},"geometry":{"type":"LineString","coordinates":[[137.13749,36.27136],[137.14388,36.25837],[137.15709,36.25004],[137.16799,36.24785],[137.18049,36.23822],[137.18335,36.22667],[137.19314,36.21817],[137.23733,36.19945],[137.25947,36.19845],[137.25484,36.18936]]}},{"type":"Feature","properties":{"FAREACODE":"850509000401","RIVERNAME":"木曽川水系長良川上流","sourceLayer":0},"geometry":{"type":"LineString","coordinates":[[136.81106,35.44617],[136.82756,35.44636],[136.83426,35.45443],[136.83749,35.4621],[136.8335,35.46826],[136.84018,35.47581],[136.84207,35.48762],[136.85573,35.48707],[136.86344,35.49358],[136.87759,35.49683],[136.88268,35.50296],[136.8966,35.50426],[136.88681,35.52164],[136.8989,35.53282],[136.89885,35.54415],[136.91105,35.55282],[136.91879,35.56874]]}},{"type":"Feature","properties":{"FAREACODE":"850509025500","RIVERNAME":"木曽川水系飛騨川","sourceLayer":0},"geometry":{"type":"LineString","coordinates":[[137.25377,35.77916],[137.25728,35.79383],[137.24488,35.80033],[137.23377,35.81208],[137.23972,35.82281],[137.23068,35.83057],[137.23164,35.83896],[137.22195,35.85069],[137.22078,35.86137],[137.20565,35.87512],[137.20989,35.88471],[137.20095,35.92069],[137.20256,35.92589],[137.22141,35.92426],[137.22771,35.92914],[137.24926,35.93326]]}},{"type":"Feature","properties":{"FAREACODE":"850501000100","RIVERNAME":"狩野川","sourceLayer":0},"geometry":{"type":"LineString","coordinates":[[138.85588,35.07989],[138.86235,35.08373],[138.86,35.09783],[138.88068,35.1027],[138.88438,35.09615],[138.89305,35.09495],[138.90033,35.09813],[138.90746,35.08306],[138.91711,35.07597],[138.92343,35.07579],[138.92146,35.06973],[138.93666,35.06947],[138.94027,35.0567],[138.93516,35.04112],[138.94863,35.032],[138.93784,35.01989],[138.93928,35.01161],[138.93281,34.99843],[138.93791,34.99099],[138.95127,34.98909],[138.94821,34.97895]]}},{"type":"Feature","properties":{"FAREACODE":"850502000100","RIVERNAME":"安倍川","sourceLayer":0},"geometry":{"type":"LineString","coordinates":[[138.39495,34.92944],[138.38116,34.94828],[138.35974,34.9648],[138.35561,35.00657],[138.3727,35.02758],[138.37237,35.04068],[138.36483,35.05915],[138.37241,35.09056],[138.35782,35.11064]]}},{"type":"Feature","properties":{"FAREACODE":"850503000100","RIVERNAME":"大井川","sourceLayer":0},"geometry":{"type":"LineString","coordinates":[[138.29693,34.76878],[138.28753,34.77086],[138.27252,34.78902],[138.26345,34.78978],[138.25131,34.79831],[138.24878,34.80677],[138.23574,34.81947],[138.22072,34.82509],[138.20299,34.8256],[138.16876,34.81594],[138.15201,34.82065],[138.13796,34.83913],[138.13476,34.85618],[138.11639,34.86316],[138.10306,34.87529],[138.10334,34.88237],[138.11292,34.88455]]}},{"type":"Feature","properties":{"FAREACODE":"850504000100","RIVERNAME":"菊川","sourceLayer":0},"geometry":{"type":"LineString","coordinates":[[138.06154,34.64706],[138.06548,34.66143],[138.05665,34.66751],[138.0741,34.68652],[138.07854,34.70161],[138.07707,34.71489],[138.09263,34.7462],[138.09118,34.75898],[138.09794,34.76442],[138.09729,34.7711],[138.10498,34.7698],[138.1101,34.77569]]}},{"type":"Feature","properties":{"FAREACODE":"850505000102","RIVERNAME":"天竜川下流","sourceLayer":0},"geometry":{"type":"LineString","coordinates":[[137.79383,34.64978],[137.79046,34.6637],[137.79511,34.67768],[137.791,34.68671],[137.7987,34.69554],[137.7985,34.71808],[137.80353,34.73258],[137.81912,34.76159],[137.82972,34.83661],[137.82885,34.84581],[137.82051,34.8549],[137.80408,34.85419]]}},{"type":"Feature","properties":{"FAREACODE":"220062000100","RIVERNAME":"瀬戸川水系　瀬戸川・朝比奈川","sourceLayer":0},"geometry":{"type":"MultiLineString","coordinates":[[[138.33129,34.87413],[138.3248,34.87742],[138.30897,34.87685],[138.30012,34.87198],[138.29141,34.8733],[138.28401,34.86719],[138.26215,34.85943],[138.23371,34.87036],[138.23402,34.87385]],[[138.3141,34.87707],[138.30448,34.8874],[138.28246,34.89881],[138.28013,34.90655]]]}},{"type":"Feature","properties":{"FAREACODE":"220079000100","RIVERNAME":"太田川水系　太田川・原野谷川","sourceLayer":0},"geometry":{"type":"MultiLineString","coordinates":[[[137.89844,34.66636],[137.89442,34.69423],[137.90101,34.70787],[137.88614,34.75329],[137.88929,34.75987],[137.88647,34.77387],[137.90213,34.79632],[137.91454,34.80024],[137.92158,34.82136],[137.94379,34.85463]],[[137.90052,34.70195],[137.90321,34.71472],[137.91177,34.72437],[137.91831,34.7261],[137.916,34.74208],[137.92315,34.74679],[137.94346,34.74885]]]}},{"type":"Feature","properties":{"FAREACODE":"220081000100","RIVERNAME":"都田川水系　都田川","sourceLayer":0},"geometry":{"type":"LineString","coordinates":[[137.65791,34.80654],[137.66684,34.81123],[137.67563,34.80727],[137.68352,34.8082],[137.71402,34.81829],[137.71734,34.82618],[137.72991,34.82896],[137.73129,34.83443]]}},{"type":"Feature","properties":{"FAREACODE":"850506000100","RIVERNAME":"豊川及び豊川放水路","sourceLayer":0},"geometry":{"type":"MultiLineString","coordinates":[[[137.33029,34.77796],[137.35325,34.77537],[137.37203,34.77989],[137.38957,34.77101],[137.39408,34.77156],[137.39325,34.78127],[137.40498,34.77743],[137.41189,34.77895],[137.403,34.80279],[137.42062,34.81089],[137.43053,34.81103],[137.43222,34.82323],[137.42276,34.83961],[137.43771,34.84576],[137.43573,34.86397],[137.47878,34.87519],[137.48131,34.88167],[137.4946,34.89147]],[[137.33029,34.77796],[137.403,34.80279]]]}},{"type":"Feature","properties":{"FAREACODE":"850507000100","RIVERNAME":"矢作川","sourceLayer":0},"geometry":{"type":"LineString","coordinates":[[136.97584,34.82889],[137.00582,34.87251],[137.01816,34.87564],[137.03456,34.88711],[137.08042,34.88877],[137.09738,34.8935],[137.1073,34.90181],[137.10498,34.91284],[137.11008,34.91992],[137.12468,34.93363],[137.14296,34.93886],[137.15044,34.96131],[137.14377,34.98752],[137.16421,34.99792],[137.16636,35.00325],[137.16002,35.02597],[137.18229,35.05101],[137.17866,35.06628],[137.17299,35.06867],[137.16601,35.08034],[137.16702,35.09547],[137.17267,35.10088]]}},{"type":"Feature","properties":{"FAREACODE":"850508000100","RIVERNAME":"庄内川","sourceLayer":0},"geometry":{"type":"MultiLineString","coordinates":[[[137.10114,35.30166],[137.10493,35.31066],[137.10153,35.31479],[137.11364,35.32827],[137.13898,35.33857],[137.13637,35.34546],[137.13059,35.345],[137.13269,35.34967],[137.17082,35.35204],[137.19072,35.3581],[137.19533,35.36498],[137.20502,35.36326]],[[136.84472,35.08341],[136.83648,35.10895],[136.83802,35.13161],[136.82906,35.14955],[136.83746,35.15494],[136.83334,35.16649],[136.85537,35.18767],[136.86906,35.19291],[136.87831,35.2061],[136.90622,35.22074],[136.92666,35.21464],[136.9732,35.21852],[136.98986,35.22838],[136.99276,35.24089],[137.00744,35.23959],[137.01179,35.25164],[137.02059,35.25244],[137.0292,35.25949],[137.05086,35.26014],[137.05663,35.26547],[137.06822,35.26283],[137.0878,35.28502],[137.09751,35.28883],[137.10114,35.30166]],[[136.89282,35.21285],[136.90765,35.21861],[136.91364,35.21767],[136.93821,35.20689],[136.95658,35.19241]]]}},{"type":"Feature","properties":{"FAREACODE":"850509000102","RIVERNAME":"木曽川下流","sourceLayer":0},"geometry":{"type":"LineString","coordinates":[[136.74473,35.03565],[136.72871,35.0609],[136.71481,35.10177],[136.68266,35.14003],[136.67773,35.17549],[136.68396,35.21634],[136.67793,35.23132],[136.68133,35.24437]]}},{"type":"Feature","properties":{"FAREACODE":"850509000202","RIVERNAME":"揖斐川下流","sourceLayer":0},"geometry":{"type":"LineString","coordinates":[[136.71581,35.02423],[136.70991,35.0558],[136.66873,35.10416],[136.66595,35.11587],[136.67114,35.13024],[136.66751,35.14179],[136.65582,35.16134],[136.64588,35.16611],[136.63247,35.18111],[136.61373,35.22725],[136.61876,35.2457]]}},{"type":"Feature","properties":{"FAREACODE":"850509000402","RIVERNAME":"長良川下流","sourceLayer":0},"geometry":{"type":"LineString","coordinates":[[136.7089,35.0574],[136.69414,35.08657],[136.67298,35.10635],[136.67697,35.12568],[136.67152,35.13906],[136.67517,35.15583],[136.67036,35.1816],[136.67528,35.2024],[136.67258,35.23761],[136.66607,35.25322],[136.67725,35.27678],[136.67247,35.29255]]}},{"type":"Feature","properties":{"FAREACODE":"230029000100","RIVERNAME":"愛知県境川水系　境川・逢妻川","sourceLayer":0},"geometry":{"type":"MultiLineString","coordinates":[[[136.9828,34.96892],[136.97896,34.98378],[136.98099,35.00325],[136.98938,35.01019],[136.98768,35.01707],[137.02416,35.04818]],[[136.98454,34.96885],[136.98365,35.00246],[136.99589,35.01725],[137.01723,35.02185],[137.03688,35.01453],[137.04504,35.01728]]]}},{"type":"Feature","properties":{"FAREACODE":"230052000100","RIVERNAME":"愛知県天白川水系　天白川","sourceLayer":0},"geometry":{"type":"LineString","coordinates":[[136.89978,35.06841],[136.93239,35.07138],[136.93717,35.07468],[136.94189,35.09083],[136.94778,35.09611],[136.94954,35.11138],[136.97513,35.12401]]}},{"type":"Feature","properties":{"FAREACODE":"230054000100","RIVERNAME":"愛知県日光川水系　日光川","sourceLayer":0},"geometry":{"type":"LineString","coordinates":[[136.82487,35.08045],[136.8087,35.0944],[136.79787,35.09697],[136.79751,35.1043],[136.78158,35.11752],[136.75993,35.15612],[136.74706,35.19438],[136.72992,35.21665],[136.73667,35.22689],[136.74199,35.25904],[136.75126,35.26601],[136.74617,35.27575],[136.75105,35.28783],[136.76077,35.29268],[136.76448,35.3014]]}},{"type":"Feature","properties":{"FAREACODE":"850508000200","RIVERNAME":"愛知県庄内川水系　新川","sourceLayer":0},"geometry":{"type":"LineString","coordinates":[[136.84047,35.07837],[136.83389,35.11724],[136.8249,35.12541],[136.82271,35.14163],[136.82718,35.16783],[136.84173,35.1788],[136.8745,35.22472],[136.8992,35.23476],[136.90417,35.23252],[136.90622,35.22074]]}},{"type":"Feature","properties":{"FAREACODE":"850510000100","RIVERNAME":"鈴鹿川及び鈴鹿川派川","sourceLayer":0},"geometry":{"type":"MultiLineString","coordinates":[[[136.64579,34.9331],[136.62006,34.92503],[136.6105,34.91272],[136.59607,34.90285],[136.5329,34.88756],[136.52557,34.87614],[136.51381,34.87446],[136.50962,34.8693],[136.49513,34.8645],[136.48817,34.85089],[136.45448,34.8476],[136.42222,34.8557],[136.41184,34.85348],[136.40592,34.84634],[136.39428,34.84603]],[[136.64509,34.90513],[136.6311,34.91194],[136.62209,34.90747],[136.60422,34.9084]]]}},{"type":"Feature","properties":{"FAREACODE":"850511000100","RIVERNAME":"雲出川及び雲出古川","sourceLayer":0},"geometry":{"type":"MultiLineString","coordinates":[[[136.54893,34.6348],[136.52694,34.64876],[136.51297,34.64795],[136.50438,34.65137],[136.48167,34.64513],[136.47717,34.65482],[136.46223,34.65739],[136.44233,34.67171],[136.43209,34.67321],[136.42001,34.66889],[136.41303,34.66299],[136.41256,34.6564]],[[136.54778,34.66379],[136.53718,34.66033],[136.52694,34.64876]]]}},{"type":"Feature","properties":{"FAREACODE":"850512000100","RIVERNAME":"櫛田川","sourceLayer":0},"geometry":{"type":"LineString","coordinates":[[136.56996,34.60767],[136.5933,34.57542],[136.59631,34.55066],[136.58348,34.54335],[136.57171,34.52245],[136.54544,34.50779],[136.51743,34.50606],[136.50328,34.49961],[136.49712,34.50788]]}},{"type":"Feature","properties":{"FAREACODE":"850513000100","RIVERNAME":"宮川","sourceLayer":0},"geometry":{"type":"LineString","coordinates":[[136.72713,34.54089],[136.71817,34.52446],[136.68811,34.50998],[136.68267,34.48002],[136.67309,34.47731],[136.6557,34.46444]]}},{"type":"Feature","properties":{"FAREACODE":"860604000101","RIVERNAME":"瀬田川","sourceLayer":0},"geometry":{"type":"LineString","coordinates":[[135.91301,34.92198],[135.91697,34.92704],[135.9105,34.93848],[135.9105,34.95875],[135.90504,34.96477],[135.9063,34.98029]]}},{"type":"Feature","properties":{"FAREACODE":"860604127502","RIVERNAME":"野洲川下流","sourceLayer":0},"geometry":{"type":"LineString","coordinates":[[135.97346,35.12338],[135.98602,35.11419],[135.99343,35.09706],[136.00857,35.07993],[136.00812,35.05711],[136.02055,35.04556],[136.02696,35.03241],[136.04497,35.02412]]}},{"type":"Feature","properties":{"FAREACODE":"860604086300","RIVERNAME":"淀川水系琵琶湖","sourceLayer":0},"geometry":{"type":"LineString","coordinates":[[136.041,35.432],[136.045,35.44],[136.052,35.447],[136.06,35.449],[136.061,35.455],[136.073,35.464],[136.079,35.464],[136.085,35.451],[136.092,35.448],[136.101,35.452],[136.115,35.485],[136.121,35.487],[136.125,35.482],[136.127,35.485],[136.132,35.484],[136.132,35.478],[136.124,35.477],[136.124,35.461],[136.129,35.459],[136.128,35.456],[136.143,35.458],[136.141,35.444],[136.15,35.443],[136.159,35.464],[136.15,35.464],[136.148,35.475],[136.162,35.489],[136.16,35.495],[136.165,35.502],[136.16,35.513],[136.166,35.515],[136.17,35.503],[136.176,35.498],[136.182,35.505],[136.191,35.497],[136.189,35.48],[136.199,35.455],[136.187,35.448],[136.197,35.432],[136.195,35.426],[136.215,35.402],[136.217,35.393],[136.214,35.39],[136.219,35.386],[136.245,35.386],[136.257,35.381],[136.265,35.371],[136.267,35.374],[136.277,35.364],[136.274,35.337],[136.254,35.301],[136.257,35.295],[136.238,35.277],[136.216,35.266],[136.21,35.258],[136.141,35.222],[136.109,35.216],[136.11,35.206],[136.101,35.201],[136.093,35.201],[136.091,35.205],[136.085,35.203],[136.084,35.199],[136.089,35.199],[136.093,35.194],[136.089,35.19],[136.076,35.192],[136.062,35.181],[136.058,35.165],[136.066,35.154],[136.06,35.144],[136.045,35.142],[136.028,35.148],[136.019,35.146],[136.012,35.136],[136.005,35.136],[135.987,35.145],[135.971,35.121],[135.949,35.128],[135.942,35.12],[135.938,35.096],[135.942,35.095],[135.941,35.087],[135.946,35.085],[135.948,35.077],[135.946,35.073],[135.939,35.072],[135.942,35.075],[135.931,35.076],[135.939,35.065],[135.936,35.062],[135.931,35.065],[135.93,35.059],[135.918,35.051],[135.907,35.036],[135.913,35.034],[135.917,35.027],[135.914,35.017],[135.921,35.009],[135.915,35.002],[135.909,35.001],[135.907,34.996],[135.911,34.996],[135.908,34.981],[135.905,34.981],[135.897,34.99],[135.892,35.005],[135.877,35.007],[135.862,35.015],[135.864,35.024],[135.87,35.026],[135.869,35.044],[135.88,35.055],[135.88,35.063],[135.888,35.066],[135.891,35.073],[135.888,35.076],[135.897,35.083],[135.895,35.089],[135.897,35.087],[135.906,35.092],[135.91,35.099],[135.904,35.1],[135.912,35.105],[135.915,35.102],[135.932,35.126],[135.925,35.136],[135.926,35.146],[135.937,35.156],[135.928,35.162],[135.917,35.178],[135.918,35.189],[135.93,35.206],[135.936,35.205],[135.94,35.214],[135.964,35.229],[135.96,35.234],[135.963,35.242],[135.971,35.246],[135.978,35.258],[136.02,35.279],[136.016,35.293],[136.024,35.301],[136.035,35.305],[136.045,35.302],[136.068,35.318],[136.078,35.316],[136.079,35.327],[136.074,35.331],[136.066,35.358],[136.045,35.376],[136.036,35.378],[136.034,35.391],[136.04,35.405],[136.048,35.406],[136.041,35.432]]}},{"type":"Feature","properties":{"FAREACODE":"860604101200","RIVERNAME":"淀川水系姉川","sourceLayer":0},"geometry":{"type":"LineString","coordinates":[[136.21521,35.38916],[136.23804,35.40758],[136.25243,35.41388],[136.26837,35.41576],[136.27913,35.412],[136.28749,35.41586],[136.30738,35.41107],[136.3222,35.41552]]}},{"type":"Feature","properties":{"FAREACODE":"860604101300","RIVERNAME":"淀川水系高時川","sourceLayer":0},"geometry":{"type":"LineString","coordinates":[[136.24021,35.4085],[136.24252,35.42702],[136.24668,35.43073],[136.24444,35.48211],[136.25111,35.49521],[136.24389,35.50493],[136.24979,35.51132],[136.24784,35.51638]]}},{"type":"Feature","properties":{"FAREACODE":"860604120300","RIVERNAME":"淀川水系日野川","sourceLayer":0},"geometry":{"type":"LineString","coordinates":[[136.02757,35.14756],[136.03314,35.11431],[136.05762,35.10558],[136.07077,35.10691],[136.08727,35.09688],[136.09904,35.09728],[136.10338,35.08848],[136.10891,35.09246],[136.11509,35.08738],[136.12217,35.09147],[136.13415,35.08489],[136.13388,35.07702],[136.14207,35.06813],[136.15378,35.06304]]}},{"type":"Feature","properties":{"FAREACODE":"860604127501","RIVERNAME":"淀川水系野洲川上流","sourceLayer":0},"geometry":{"type":"LineString","coordinates":[[136.04497,35.02412],[136.08728,35.00978],[136.10644,34.99117],[136.12657,34.98276],[136.12987,34.97188],[136.13415,34.96998],[136.16094,34.96265],[136.18383,34.96542],[136.19923,34.95719]]}},{"type":"Feature","properties":{"FAREACODE":"860604131100","RIVERNAME":"淀川水系杣川","sourceLayer":0},"geometry":{"type":"LineString","coordinates":[[136.12987,34.97188],[136.13419,34.96284],[136.1554,34.94747],[136.16098,34.93281]]}},{"type":"Feature","properties":{"FAREACODE":"860609000102","RIVERNAME":"由良川下流","sourceLayer":0},"geometry":{"type":"MultiLineString","coordinates":[[[135.28805,35.51565],[135.2871,35.49547],[135.27877,35.4767],[135.28417,35.46284],[135.28058,35.45844],[135.27242,35.4571],[135.25972,35.44391],[135.25448,35.42792],[135.24718,35.42416],[135.22936,35.42858],[135.20865,35.42233],[135.20302,35.413],[135.18582,35.40676],[135.18382,35.39007],[135.17558,35.39281],[135.1621,35.38636],[135.15883,35.38045],[135.14757,35.38459],[135.13249,35.37089],[135.1174,35.36564],[135.10896,35.3491],[135.11618,35.33156],[135.11146,35.3233],[135.13283,35.29854],[135.14567,35.30446]],[[135.13283,35.29854],[135.14217,35.29039],[135.13928,35.28216]]]}},{"type":"Feature","properties":{"FAREACODE":"860609000103","RIVERNAME":"由良川中流","sourceLayer":0},"geometry":{"type":"LineString","coordinates":[[135.14567,35.30446],[135.17393,35.31116],[135.22322,35.30601],[135.24718,35.31271],[135.26696,35.30827],[135.26474,35.29203],[135.27977,35.28914]]}},{"type":"Feature","properties":{"FAREACODE":"860604016703","RIVERNAME":"淀川水系　桂川中流・園部川","sourceLayer":0},"geometry":{"type":"MultiLineString","coordinates":[[[135.60718,35.01533],[135.59846,35.01958],[135.58825,35.01706],[135.58503,35.02328],[135.56975,35.02751],[135.55158,35.04832],[135.55018,35.06038],[135.51005,35.09209],[135.51628,35.10363],[135.51687,35.11663],[135.5116,35.11907],[135.50707,35.11562],[135.50466,35.12422],[135.49569,35.12761],[135.49765,35.13397],[135.49358,35.13848],[135.49717,35.14727],[135.50734,35.14301],[135.50568,35.15085],[135.51358,35.1542]],[[135.51005,35.09209],[135.49717,35.09542],[135.4738,35.11255],[135.46823,35.10973],[135.45829,35.11156],[135.44649,35.1058]]]}},{"type":"Feature","properties":{"FAREACODE":"860604018200","RIVERNAME":"淀川水系　鴨川・高野川","sourceLayer":0},"geometry":{"type":"MultiLineString","coordinates":[[[135.73604,34.93142],[135.74246,34.94327],[135.74221,34.95308],[135.76757,34.97705],[135.77195,35.0054],[135.77172,35.02921],[135.74371,35.06843],[135.74219,35.07587]],[[135.77172,35.02921],[135.78953,35.05152],[135.79135,35.06026],[135.80679,35.0637]]]}},{"type":"Feature","properties":{"FAREACODE":"860603000101","RIVERNAME":"大和川上流","sourceLayer":0},"geometry":{"type":"LineString","coordinates":[[135.67292,34.57999],[135.69535,34.59199],[135.69854,34.60084],[135.72258,34.5953],[135.72607,34.59064],[135.74863,34.59307],[135.75524,34.58987],[135.7678,34.59721],[135.77403,34.59566]]}},{"type":"Feature","properties":{"FAREACODE":"860603000102","RIVERNAME":"大和川下流","sourceLayer":0},"geometry":{"type":"LineString","coordinates":[[135.4371,34.60808],[135.49462,34.59528],[135.50311,34.58613],[135.53372,34.59837],[135.56005,34.59762],[135.59672,34.58429],[135.62416,34.58003],[135.63547,34.56947],[135.65274,34.57468],[135.65298,34.56885],[135.65768,34.56943],[135.67292,34.57999]]}},{"type":"Feature","properties":{"FAREACODE":"860604000102","RIVERNAME":"淀川","sourceLayer":0},"geometry":{"type":"MultiLineString","coordinates":[[[135.5137,34.72306],[135.52192,34.73219],[135.5503,34.73609],[135.55925,34.75325],[135.57733,34.75869],[135.58735,34.77084],[135.60247,34.7806],[135.61953,34.81088],[135.64019,34.81944],[135.64967,34.84582],[135.66494,34.8549],[135.68011,34.88162]],[[135.42027,34.68284],[135.4527,34.69499],[135.49418,34.71855],[135.51363,34.72303]]]}},{"type":"Feature","properties":{"FAREACODE":"860604000103","RIVERNAME":"宇治川","sourceLayer":0},"geometry":{"type":"LineString","coordinates":[[135.68011,34.88162],[135.68671,34.89109],[135.7264,34.90005],[135.74256,34.91861],[135.77606,34.92801],[135.78987,34.9199],[135.79054,34.90849],[135.81413,34.88615]]}},{"type":"Feature","properties":{"FAREACODE":"860604007300","RIVERNAME":"猪名川","sourceLayer":0},"geometry":{"type":"MultiLineString","coordinates":[[[135.45115,34.73745],[135.45772,34.74649],[135.45682,34.75993],[135.44855,34.76843],[135.43132,34.77273],[135.42581,34.78144],[135.42212,34.80718],[135.41532,34.8164],[135.42393,34.83004],[135.42293,34.84312]],[[135.45503,34.7408],[135.44292,34.75187],[135.44162,34.75994],[135.42987,34.76579],[135.42772,34.77825]]]}},{"type":"Feature","properties":{"FAREACODE":"860604016702","RIVERNAME":"桂川下流","sourceLayer":0},"geometry":{"type":"LineString","coordinates":[[135.68011,34.88162],[135.68308,34.89049],[135.69853,34.89475],[135.71661,34.90756],[135.73836,34.93837],[135.70839,34.99632],[135.69159,34.99812],[135.68525,35.0125],[135.66997,35.01413]]}},{"type":"Feature","properties":{"FAREACODE":"860604037101","RIVERNAME":"木津川上流","sourceLayer":0},"geometry":{"type":"MultiLineString","coordinates":[[[135.93836,34.75932],[135.94478,34.7579],[135.95973,34.76559],[135.97983,34.76259],[135.99149,34.77155],[135.99625,34.76046],[136.00299,34.76018],[136.00686,34.76434],[136.01177,34.7586],[136.02001,34.76092],[136.03008,34.75586],[136.0381,34.75656],[136.05479,34.76368],[136.06236,34.77529],[136.08488,34.77334],[136.08683,34.77905],[136.10435,34.7786],[136.11178,34.77268],[136.11787,34.75772],[136.11738,34.74578],[136.12324,34.74296]],[[136.12367,34.78452],[136.14255,34.77508]],[[136.10677,34.77758],[136.13222,34.78561],[136.14206,34.79361]]]}},{"type":"Feature","properties":{"FAREACODE":"860604037102","RIVERNAME":"木津川下流","sourceLayer":0},"geometry":{"type":"LineString","coordinates":[[135.68011,34.88162],[135.68637,34.88777],[135.69969,34.88998],[135.74716,34.87041],[135.75337,34.86041],[135.75075,34.85268],[135.76213,34.83446],[135.78095,34.83345],[135.80282,34.81241],[135.79887,34.79659],[135.80477,34.7826],[135.80469,34.75153],[135.81012,34.7423],[135.83071,34.74703],[135.84869,34.76198],[135.85772,34.75564],[135.87649,34.7644],[135.89213,34.76127],[135.90261,34.76625],[135.9213,34.76422]]}},{"type":"Feature","properties":{"FAREACODE":"860604051600","RIVERNAME":"名張川","sourceLayer":0},"geometry":{"type":"MultiLineString","coordinates":[[[136.07974,34.68382],[136.08257,34.6799],[136.06377,34.65353],[136.07263,34.65204],[136.08515,34.65622],[136.08276,34.64756],[136.09083,34.64121],[136.09479,34.64406],[136.10108,34.63542],[136.08194,34.6268],[136.07952,34.62113],[136.08406,34.61808],[136.11351,34.61933],[136.1256,34.61562],[136.12836,34.61803]],[[136.08326,34.61834],[136.08277,34.61074],[136.06418,34.60104],[136.06063,34.58696],[136.05312,34.58726],[136.04618,34.5803],[136.03662,34.57801],[136.02586,34.5635],[136.01843,34.56057],[136.01671,34.56283],[136.00784,34.55552]]]}},{"type":"Feature","properties":{"FAREACODE":"270013000100","RIVERNAME":"大津川水系大津川・槇尾川","sourceLayer":0},"geometry":{"type":"MultiLineString","coordinates":[[[135.37784,34.50786],[135.38796,34.49993],[135.40364,34.49487],[135.40577,34.48865]],[[135.49474,34.43091],[135.48783,34.41986]],[[135.40577,34.48865],[135.41551,34.48278],[135.44066,34.4783],[135.44709,34.46863],[135.4689,34.46168],[135.47965,34.44342],[135.49474,34.43091]]]}},{"type":"Feature","properties":{"FAREACODE":"270013000200","RIVERNAME":"大津川水系牛滝川","sourceLayer":0},"geometry":{"type":"LineString","coordinates":[[135.40577,34.48865],[135.41552,34.47805],[135.41949,34.45957],[135.42744,34.45791],[135.42989,34.44554],[135.43774,34.43652]]}},{"type":"Feature","properties":{"FAREACODE":"860603001300","RIVERNAME":"大和川水系石川","sourceLayer":0},"geometry":{"type":"LineString","coordinates":[[135.628,34.57648],[135.61562,34.55009],[135.62038,34.53025],[135.61544,34.50536],[135.6007,34.49616],[135.58007,34.4735],[135.58263,34.46681],[135.57306,34.44816],[135.56254,34.4468],[135.55852,34.4416]]}},{"type":"Feature","properties":{"FAREACODE":"860604000600","RIVERNAME":"淀川水系寝屋川流域","sourceLayer":0},"geometry":{"type":"MultiLineString","coordinates":[[[135.52019,34.69192],[135.54653,34.69676],[135.5823,34.69685],[135.62141,34.70717],[135.62843,34.7214],[135.61881,34.74452],[135.61116,34.74787],[135.62435,34.77214]],[[135.58077,34.69683],[135.5952,34.72623],[135.59819,34.74384],[135.60655,34.74868],[135.60395,34.7521]],[[135.62141,34.70717],[135.6299,34.70706],[135.63396,34.70099],[135.63255,34.66183]],[[135.52547,34.69189],[135.5747,34.68625],[135.59435,34.66489],[135.59932,34.65156]],[[135.5492,34.6357],[135.56133,34.62344],[135.58581,34.6114],[135.59081,34.60246],[135.60049,34.60263],[135.61137,34.59293],[135.61859,34.5929],[135.62416,34.58003]],[[135.55392,34.6878],[135.5492,34.6357]],[[135.6253,34.64443],[135.62963,34.58891]],[[135.62543,34.65044],[135.6253,34.64443]],[[135.62543,34.65044],[135.62586,34.66214],[135.63255,34.66183]],[[135.59932,34.65156],[135.62543,34.65044]],[[135.59932,34.65156],[135.5997,34.64311],[135.61012,34.63092]],[[135.54075,34.68914],[135.53741,34.64166],[135.54469,34.6407],[135.5492,34.6357]],[[135.55392,34.6878],[135.55442,34.69555]]]}},{"type":"Feature","properties":{"FAREACODE":"860604004700","RIVERNAME":"淀川水系神崎川・安威川","sourceLayer":0},"geometry":{"type":"MultiLineString","coordinates":[[[135.45582,34.73442],[135.46933,34.73234],[135.48109,34.73817],[135.49101,34.75137],[135.50823,34.74468],[135.52719,34.75325]],[[135.52719,34.75325],[135.54294,34.76765],[135.56389,34.77463],[135.58995,34.79527],[135.58958,34.81508],[135.57254,34.8287],[135.57278,34.84705],[135.56691,34.85665]]]}},{"type":"Feature","properties":{"FAREACODE":"860605000101","RIVERNAME":"加古川上流","sourceLayer":0},"geometry":{"type":"LineString","coordinates":[[134.92591,34.80993],[134.93709,34.81932],[134.91141,34.84823],[134.91594,34.86242],[134.93751,34.89526],[134.93757,34.90263],[134.92884,34.91004],[134.94747,34.92388],[134.94415,34.93059],[134.96037,34.93887],[134.96901,34.95456]]}},{"type":"Feature","properties":{"FAREACODE":"860605000102","RIVERNAME":"加古川下流","sourceLayer":0},"geometry":{"type":"LineString","coordinates":[[134.8079,34.72717],[134.81004,34.7423],[134.80667,34.75656],[134.81368,34.77103],[134.8278,34.77134],[134.84546,34.78066],[134.85727,34.78258],[134.87389,34.79549],[134.88754,34.79335],[134.9147,34.8002],[134.92591,34.80993]]}},{"type":"Feature","properties":{"FAREACODE":"860606000101","RIVERNAME":"揖保川上流","sourceLayer":0},"geometry":{"type":"LineString","coordinates":[[134.54296,34.98475],[134.55396,34.99326],[134.54973,35.0139],[134.55484,35.02242],[134.55285,35.0348],[134.56049,35.04211],[134.57774,35.04942],[134.57251,35.06739],[134.58266,35.06667],[134.58709,35.07096],[134.57845,35.09036],[134.58297,35.09778],[134.58053,35.11875],[134.58424,35.12456]]}},{"type":"Feature","properties":{"FAREACODE":"860606000102","RIVERNAME":"揖保川下流","sourceLayer":0},"geometry":{"type":"MultiLineString","coordinates":[[[134.56856,34.76574],[134.57388,34.77917],[134.57296,34.78997],[134.56346,34.80205]],[[134.5878,34.7674],[134.58118,34.77559],[134.58447,34.78424],[134.55601,34.80904],[134.53793,34.81725],[134.53294,34.82323],[134.53244,34.83139],[134.54053,34.84679],[134.5389,34.85603],[134.55167,34.87219],[134.54707,34.88233],[134.55568,34.89638],[134.55204,34.91421],[134.55447,34.93396],[134.54796,34.94887],[134.54839,34.968],[134.55372,34.97272],[134.54008,34.97822],[134.54296,34.98475]],[[134.56708,34.75696],[134.56895,34.77857],[134.57337,34.7852]]]}},{"type":"Feature","properties":{"FAREACODE":"860610000100","RIVERNAME":"円山川","sourceLayer":0},"geometry":{"type":"LineString","coordinates":[[134.83394,35.64817],[134.80489,35.60757],[134.80075,35.58119],[134.82803,35.548],[134.83196,35.53418],[134.82289,35.52223],[134.82197,35.50976],[134.80913,35.50017],[134.81294,35.49179],[134.81074,35.4848],[134.78923,35.48015],[134.78938,35.47298],[134.7851,35.46887],[134.77765,35.46851],[134.77949,35.45705],[134.77484,35.45235]]}},{"type":"Feature","properties":{"FAREACODE":"860610002600","RIVERNAME":"出石川","sourceLayer":0},"geometry":{"type":"LineString","coordinates":[[134.82186,35.51917],[134.84058,35.49304],[134.86066,35.48344],[134.86973,35.4575]]}},{"type":"Feature","properties":{"FAREACODE":"280014000100","RIVERNAME":"兵庫県武庫川水系武庫川","sourceLayer":0},"geometry":{"type":"LineString","coordinates":[[135.37169,34.69021],[135.38458,34.7222],[135.37336,34.75685],[135.37364,34.7714]]}},{"type":"Feature","properties":{"FAREACODE":"280053000100","RIVERNAME":"兵庫県市川水系市川","sourceLayer":0},"geometry":{"type":"LineString","coordinates":[[134.67446,34.77482],[134.6931,34.79388],[134.69236,34.80434],[134.69923,34.81496],[134.71349,34.81859],[134.71891,34.83906],[134.7111,34.84483],[134.71202,34.85024],[134.72227,34.85373],[134.72529,34.86161],[134.73307,34.86583]]}},{"type":"Feature","properties":{"FAREACODE":"280064000100","RIVERNAME":"兵庫県千種川水系千種川","sourceLayer":0},"geometry":{"type":"LineString","coordinates":[[134.38902,34.72693],[134.39233,34.74286],[134.41335,34.75714],[134.42614,34.77044],[134.42565,34.77428],[134.41571,34.78327],[134.41678,34.7989],[134.40509,34.79729],[134.39246,34.80466],[134.38526,34.81438],[134.37467,34.81821],[134.37498,34.82199],[134.38347,34.82588],[134.38225,34.84269],[134.36099,34.86538],[134.35693,34.87672]]}},{"type":"Feature","properties":{"FAREACODE":"860601000102","RIVERNAME":"熊野川下流","sourceLayer":0},"geometry":{"type":"LineString","coordinates":[[136.01241,33.7263],[135.98096,33.73682],[135.97292,33.73552],[135.97485,33.72293]]}},{"type":"Feature","properties":{"FAREACODE":"860602000100","RIVERNAME":"紀の川","sourceLayer":0},"geometry":{"type":"MultiLineString","coordinates":[[[135.66012,34.327],[135.66612,34.32671],[135.68049,34.33807],[135.69334,34.33823],[135.69193,34.34654],[135.70647,34.34786],[135.71718,34.35571]],[[135.14024,34.22338],[135.15096,34.22651],[135.16691,34.24303],[135.19587,34.25555],[135.20828,34.25565],[135.22047,34.24889],[135.23989,34.24677],[135.27579,34.25559],[135.29746,34.25651],[135.32688,34.24613],[135.34846,34.25312],[135.37222,34.24712],[135.38025,34.25422],[135.40695,34.26406],[135.43033,34.26362],[135.44032,34.2676],[135.45069,34.27859],[135.46153,34.2837],[135.48419,34.28114],[135.49139,34.28893],[135.52989,34.29659],[135.53989,34.30441],[135.56138,34.29388],[135.57121,34.30021],[135.585,34.30062],[135.58727,34.30963],[135.60913,34.31105],[135.6174,34.31714],[135.62922,34.31704],[135.66012,34.327]]]}},{"type":"Feature","properties":{"FAREACODE":"300013000100","RIVERNAME":"和歌山県古座川水系古座川","sourceLayer":0},"geometry":{"type":"LineString","coordinates":[[135.82686,33.51464],[135.80986,33.53687],[135.78533,33.53445],[135.77491,33.54135],[135.76552,33.54097],[135.74317,33.53416],[135.73419,33.54092],[135.72983,33.53467],[135.72834,33.54106],[135.73319,33.54623],[135.72676,33.54549]]}},{"type":"Feature","properties":{"FAREACODE":"300066000100","RIVERNAME":"和歌山県日高川水系日高川","sourceLayer":0},"geometry":{"type":"LineString","coordinates":[[135.15222,33.87543],[135.18232,33.90641],[135.18976,33.9045],[135.20167,33.89255],[135.20357,33.89947],[135.21795,33.91324],[135.21254,33.92389],[135.23435,33.92579],[135.24009,33.94142],[135.26298,33.94308],[135.26487,33.95425],[135.27046,33.95777],[135.28474,33.95213],[135.28608,33.95945],[135.2969,33.9581],[135.29743,33.94206],[135.28521,33.93777],[135.28359,33.93279],[135.30683,33.92416],[135.31309,33.93522],[135.32914,33.9408],[135.3207,33.95411],[135.31399,33.95724],[135.32028,33.96111],[135.3244,33.9579],[135.33067,33.95924],[135.32433,33.96143],[135.326,33.97437],[135.35353,33.97818],[135.3583,33.96688],[135.36544,33.98338],[135.37223,33.98375],[135.37303,33.97489],[135.37709,33.97243],[135.37104,33.96861],[135.36337,33.96953],[135.36852,33.94815],[135.37316,33.94922],[135.37471,33.95921],[135.37799,33.95426],[135.38956,33.95605]]}},{"type":"Feature","properties":{"FAREACODE":"300077000100","RIVERNAME":"和歌山県有田川水系有田川","sourceLayer":0},"geometry":{"type":"LineString","coordinates":[[135.09578,34.083],[135.14792,34.08101],[135.18929,34.06764],[135.20905,34.07625],[135.23005,34.07483],[135.25075,34.06456],[135.25213,34.0562],[135.25722,34.05495],[135.2606,34.04834],[135.25658,34.0444],[135.26076,34.03752],[135.26998,34.04147],[135.27583,34.03911],[135.28362,34.04518],[135.28408,34.03593],[135.29784,34.04001],[135.30439,34.03526],[135.31045,34.03749],[135.30557,34.04364],[135.30631,34.05116],[135.31234,34.04579],[135.31545,34.05235],[135.32569,34.04873],[135.33228,34.05612],[135.34044,34.05447],[135.33569,34.04627],[135.35521,34.05153],[135.35089,34.06068],[135.3593,34.06222],[135.35532,34.06944],[135.35887,34.07949]]}},{"type":"Feature","properties":{"FAREACODE":"860601000103","RIVERNAME":"熊野川中流（本宮区間）","sourceLayer":0},"geometry":{"type":"LineString","coordinates":[[135.80605,33.83382],[135.80946,33.82627],[135.80207,33.82818],[135.78931,33.82275],[135.77152,33.82807],[135.77046,33.83109],[135.77777,33.83217],[135.77827,33.83914],[135.77235,33.85344],[135.78131,33.85511],[135.78144,33.86254],[135.77846,33.86641],[135.76795,33.86492],[135.75858,33.86905],[135.76053,33.87423]]}},{"type":"Feature","properties":{"FAREACODE":"860601000105","RIVERNAME":"熊野川中流（日足区間）","sourceLayer":0},"geometry":{"type":"MultiLineString","coordinates":[[[135.85629,33.83356],[135.84398,33.83669],[135.82931,33.84977],[135.8272,33.8431],[135.8196,33.84705],[135.81006,33.84615],[135.80605,33.83382]],[[135.89824,33.78514],[135.89208,33.80073],[135.88351,33.80124],[135.85949,33.8147],[135.85629,33.83356]]]}},{"type":"Feature","properties":{"FAREACODE":"870701000100","RIVERNAME":"千代川","sourceLayer":0},"geometry":{"type":"LineString","coordinates":[[134.19563,35.54152],[134.21075,35.51828],[134.21492,35.50168],[134.21193,35.45087],[134.20759,35.43985],[134.2151,35.42764],[134.20204,35.412],[134.20439,35.4035],[134.19682,35.38429],[134.2143,35.37322],[134.21192,35.36073],[134.20114,35.35901],[134.20554,35.34552],[134.19928,35.3365]]}},{"type":"Feature","properties":{"FAREACODE":"870701000900","RIVERNAME":"袋川・新袋川","sourceLayer":0},"geometry":{"type":"MultiLineString","coordinates":[[[134.24428,35.48347],[134.2544,35.47799],[134.27501,35.47652],[134.29861,35.45791]],[[134.21425,35.49944],[134.23266,35.48396],[134.24428,35.48347]]]}},{"type":"Feature","properties":{"FAREACODE":"870702000100","RIVERNAME":"天神川","sourceLayer":0},"geometry":{"type":"LineString","coordinates":[[133.8572,35.50463],[133.84021,35.46064],[133.84134,35.44759],[133.86037,35.39741],[133.85805,35.38348],[133.85358,35.38082]]}},{"type":"Feature","properties":{"FAREACODE":"870702000300","RIVERNAME":"小鴨川","sourceLayer":0},"geometry":{"type":"LineString","coordinates":[[133.84134,35.44759],[133.83407,35.43706],[133.8178,35.43821],[133.81146,35.43408],[133.81044,35.4164],[133.79952,35.40209],[133.77861,35.38847],[133.76781,35.37169],[133.7325,35.36234],[133.72003,35.36363]]}},{"type":"Feature","properties":{"FAREACODE":"870702000400","RIVERNAME":"国府川","sourceLayer":0},"geometry":{"type":"LineString","coordinates":[[133.82111,35.43795],[133.8035,35.43759],[133.79457,35.4321],[133.7873,35.41981],[133.77521,35.41556],[133.7473,35.42936]]}},{"type":"Feature","properties":{"FAREACODE":"870703000100","RIVERNAME":"日野川","sourceLayer":0},"geometry":{"type":"LineString","coordinates":[[133.37443,35.4568],[133.36546,35.43324],[133.36633,35.41489],[133.37906,35.40538],[133.3969,35.39883],[133.41424,35.36924],[133.42876,35.35799],[133.43872,35.32664]]}},{"type":"Feature","properties":{"FAREACODE":"870703000300","RIVERNAME":"法勝寺川","sourceLayer":0},"geometry":{"type":"LineString","coordinates":[[133.36483,35.42648],[133.36297,35.39744],[133.32516,35.35307],[133.32295,35.33925],[133.32896,35.33648]]}},{"type":"Feature","properties":{"FAREACODE":"310027000100","RIVERNAME":"鳥取県由良川","sourceLayer":0},"geometry":{"type":"LineString","coordinates":[[133.75559,35.50095],[133.75688,35.49316],[133.77511,35.48062],[133.77488,35.47668],[133.76306,35.47214]]}},{"type":"Feature","properties":{"FAREACODE":"870704000100","RIVERNAME":"斐伊川","sourceLayer":0},"geometry":{"type":"LineString","coordinates":[[132.87761,35.43703],[132.8378,35.42737],[132.8122,35.41555],[132.78651,35.39695],[132.78246,35.3794],[132.79225,35.34771],[132.83516,35.33987],[132.85999,35.34145],[132.87893,35.32541],[132.89528,35.31876],[132.89947,35.30092],[132.89539,35.28411]]}},{"type":"Feature","properties":{"FAREACODE":"870704024400","RIVERNAME":"神戸川","sourceLayer":0},"geometry":{"type":"LineString","coordinates":[[132.67425,35.37403],[132.68353,35.3641],[132.69025,35.34417],[132.7204,35.34992],[132.73631,35.34933],[132.76709,35.33741],[132.76734,35.32829]]}},{"type":"Feature","properties":{"FAREACODE":"870705000102","RIVERNAME":"江の川下流","sourceLayer":0},"geometry":{"type":"LineString","coordinates":[[132.22633,35.02571],[132.23606,35.00317],[132.24253,35.00131],[132.25171,35.01028],[132.25561,35.00425],[132.26839,35.00224],[132.27896,35.00724],[132.27979,35.00038],[132.29081,34.99577],[132.2971,34.98226],[132.3169,34.973],[132.31918,34.96644],[132.3267,34.96842],[132.34071,34.95627],[132.3637,34.96206],[132.3671,34.95495],[132.38858,34.95528],[132.40694,34.94867],[132.42627,34.96138],[132.43844,34.95728],[132.44314,34.96508],[132.46344,34.96033],[132.47456,34.97504],[132.48721,34.97901],[132.49311,34.99622],[132.50582,34.99631],[132.51028,35.00694],[132.52403,35.0093],[132.54124,35.02397],[132.53859,35.02872],[132.54178,35.03305],[132.55427,35.03641],[132.55322,35.04124],[132.55956,35.04433],[132.57451,35.04111],[132.58207,35.04379],[132.58204,35.05602],[132.58769,35.05847],[132.5852,35.06907],[132.58826,35.0716],[132.59871,35.06968],[132.59748,35.05902],[132.60484,35.05429],[132.60006,35.03623],[132.61338,35.03275],[132.61808,35.04051],[132.62241,35.04089],[132.632,35.02481],[132.63038,35.01335],[132.61595,35.00537],[132.61208,34.99114],[132.61617,34.98618],[132.64094,34.97548],[132.64417,34.9386],[132.62799,34.92916],[132.63278,34.92142],[132.63405,34.89993],[132.65563,34.89954],[132.66339,34.88981],[132.6757,34.89428],[132.68024,34.88463],[132.70102,34.88184],[132.71077,34.84966]]}},{"type":"Feature","properties":{"FAREACODE":"870706000100","RIVERNAME":"高津川","sourceLayer":0},"geometry":{"type":"LineString","coordinates":[[131.8204,34.69672],[131.82904,34.68818],[131.81919,34.66457],[131.80973,34.66045],[131.81038,34.64706],[131.79406,34.64544],[131.78978,34.63059],[131.80307,34.62146],[131.79583,34.61028],[131.80259,34.59671]]}},{"type":"Feature","properties":{"FAREACODE":"870706001700","RIVERNAME":"匹見川","sourceLayer":0},"geometry":{"type":"LineString","coordinates":[[131.80265,34.62252],[131.81431,34.62003]]}},{"type":"Feature","properties":{"FAREACODE":"320004000100","RIVERNAME":"益田川水系益田川","sourceLayer":0},"geometry":{"type":"LineString","coordinates":[[131.83622,34.70379],[131.83893,34.68339],[131.84849,34.67409],[131.86775,34.6791]]}},{"type":"Feature","properties":{"FAREACODE":"320011000100","RIVERNAME":"周布川水系周布川","sourceLayer":0},"geometry":{"type":"LineString","coordinates":[[132.02152,34.87147],[132.01708,34.86234],[132.02493,34.8533],[132.04243,34.85121],[132.04595,34.85478],[132.05971,34.85452]]}},{"type":"Feature","properties":{"FAREACODE":"870704002800","RIVERNAME":"斐伊川水系飯梨川","sourceLayer":0},"geometry":{"type":"LineString","coordinates":[[133.22131,35.45454],[133.22805,35.43733],[133.22706,35.42637],[133.20888,35.38913],[133.20086,35.37872],[133.18932,35.37399]]}},{"type":"Feature","properties":{"FAREACODE":"870711000100","RIVERNAME":"高梁川","sourceLayer":0},"geometry":{"type":"LineString","coordinates":[[133.69762,34.52177],[133.70018,34.56572],[133.71788,34.593],[133.74039,34.60544],[133.74657,34.61336],[133.74255,34.62213],[133.72848,34.62845],[133.7277,34.66568],[133.71581,34.67941],[133.72501,34.68791],[133.7291,34.70006],[133.72754,34.70457],[133.71947,34.70296]]}},{"type":"Feature","properties":{"FAREACODE":"870711000500","RIVERNAME":"小田川","sourceLayer":0},"geometry":{"type":"LineString","coordinates":[[133.73156,34.60134],[133.72371,34.61335],[133.73091,34.62311],[133.7184,34.62898],[133.7098,34.63004],[133.70277,34.62279],[133.68754,34.61967],[133.67474,34.62305],[133.64341,34.61719]]}},{"type":"Feature","properties":{"FAREACODE":"870712000100","RIVERNAME":"旭川","sourceLayer":0},"geometry":{"type":"LineString","coordinates":[[133.97176,34.60057],[133.93023,34.64787],[133.93726,34.66177],[133.93286,34.66646],[133.93294,34.67863],[133.9517,34.71047],[133.97171,34.71522],[133.97226,34.72178],[133.96588,34.72478]]}},{"type":"Feature","properties":{"FAREACODE":"870712000400","RIVERNAME":"百間川","sourceLayer":0},"geometry":{"type":"LineString","coordinates":[[133.98922,34.61134],[133.98437,34.62481],[133.99319,34.67401],[133.95765,34.67085],[133.93916,34.69013]]}},{"type":"Feature","properties":{"FAREACODE":"870713000100","RIVERNAME":"吉井川","sourceLayer":0},"geometry":{"type":"LineString","coordinates":[[134.03895,34.60228],[134.03141,34.63767],[134.03311,34.6465],[134.07535,34.67867],[134.08447,34.70701],[134.09788,34.71703],[134.10445,34.73286],[134.10649,34.73961],[134.1027,34.74794],[134.08866,34.75184],[134.09291,34.76993],[134.10155,34.77631],[134.10901,34.79123],[134.13186,34.79224],[134.14172,34.79824],[134.14056,34.81033],[134.12814,34.83563]]}},{"type":"Feature","properties":{"FAREACODE":"870713002800","RIVERNAME":"金剛川","sourceLayer":0},"geometry":{"type":"LineString","coordinates":[[134.13715,34.79353],[134.14985,34.79681],[134.16191,34.80719],[134.17365,34.80611],[134.17735,34.80903]]}},{"type":"Feature","properties":{"FAREACODE":"330009000100","RIVERNAME":"笹ヶ瀬川水系笹ヶ瀬川・足守川","sourceLayer":0},"geometry":{"type":"MultiLineString","coordinates":[[[133.90561,34.61969],[133.89032,34.62215],[133.88836,34.62905],[133.88173,34.63053],[133.8745,34.64184],[133.87494,34.66989]],[[133.88041,34.63221],[133.84813,34.63684],[133.8414,34.64446]]]}},{"type":"Feature","properties":{"FAREACODE":"870705000101","RIVERNAME":"江の川上流","sourceLayer":0},"geometry":{"type":"LineString","coordinates":[[132.63397,34.90479],[132.63567,34.8988],[132.65563,34.89954],[132.66124,34.89041],[132.6757,34.89428],[132.68024,34.88463],[132.70102,34.88184],[132.71077,34.84966],[132.72095,34.84348],[132.72336,34.83379],[132.7144,34.82761],[132.70107,34.82836],[132.69624,34.81654],[132.70551,34.81451],[132.71329,34.81782],[132.78947,34.80332],[132.82859,34.81786],[132.84098,34.81151],[132.841,34.80514],[132.82761,34.78553],[132.83781,34.78198],[132.83201,34.78043],[132.82794,34.77038],[132.81773,34.77364],[132.80669,34.76966],[132.8064,34.76074],[132.7974,34.75399],[132.80591,34.74998],[132.80057,34.74156],[132.78503,34.74003],[132.78326,34.72927],[132.77328,34.72184],[132.76916,34.70306],[132.75284,34.69485],[132.75711,34.68785],[132.74946,34.68141],[132.74995,34.67486],[132.7406,34.68077],[132.719,34.67996],[132.71738,34.66637],[132.69712,34.65253],[132.6848,34.65445],[132.67857,34.64595],[132.66802,34.64432],[132.65749,34.62697],[132.63137,34.63183],[132.63136,34.63684],[132.62243,34.63821],[132.62133,34.64351]]}},{"type":"Feature","properties":{"FAREACODE":"870705015700","RIVERNAME":"神野瀬川","sourceLayer":0},"geometry":{"type":"LineString","coordinates":[[132.82319,34.816],[132.82132,34.82121],[132.81443,34.82237],[132.81512,34.82689],[132.80496,34.82624],[132.80541,34.83653],[132.7993,34.84319],[132.80544,34.84641]]}},{"type":"Feature","properties":{"FAREACODE":"870705016300","RIVERNAME":"馬洗川","sourceLayer":0},"geometry":{"type":"LineString","coordinates":[[132.841,34.80514],[132.85949,34.81388],[132.86925,34.80645],[132.87797,34.80939],[132.88745,34.79767]]}},{"type":"Feature","properties":{"FAREACODE":"870705016400","RIVERNAME":"西城川","sourceLayer":0},"geometry":{"type":"LineString","coordinates":[[132.84996,34.80872],[132.84483,34.82062]]}},{"type":"Feature","properties":{"FAREACODE":"870708000100","RIVERNAME":"小瀬川","sourceLayer":0},"geometry":{"type":"LineString","coordinates":[[132.24581,34.21072],[132.22078,34.20823],[132.21152,34.2028],[132.20296,34.20748],[132.19507,34.20443],[132.20501,34.22847],[132.1996,34.22508],[132.19754,34.23062],[132.19397,34.2308],[132.19348,34.22653],[132.18144,34.22989],[132.17181,34.22509],[132.16752,34.22733],[132.17017,34.23089]]}},{"type":"Feature","properties":{"FAREACODE":"870709000101","RIVERNAME":"太田川上流","sourceLayer":0},"geometry":{"type":"LineString","coordinates":[[132.49404,34.51435],[132.48699,34.51233],[132.48588,34.5026],[132.48131,34.50446],[132.48174,34.51327],[132.46911,34.50871],[132.46783,34.52127],[132.44331,34.52214],[132.43492,34.52705],[132.43118,34.54385],[132.40825,34.53234],[132.40154,34.53945],[132.40505,34.54654],[132.39136,34.54545],[132.39542,34.55033],[132.39235,34.56187],[132.38684,34.5617],[132.38666,34.55392],[132.37749,34.55079],[132.37283,34.55201],[132.37957,34.55832],[132.37691,34.56233],[132.35999,34.55903],[132.36137,34.55187],[132.34433,34.54981],[132.34012,34.55531],[132.33024,34.55593],[132.33352,34.56107],[132.32519,34.56493],[132.31762,34.56168],[132.32016,34.5759],[132.32359,34.576],[132.31822,34.58198],[132.32371,34.59025],[132.32099,34.59851],[132.32381,34.60644],[132.31997,34.60833],[132.31437,34.60874],[132.30214,34.60008],[132.29963,34.59629],[132.30279,34.59363],[132.29532,34.59167],[132.29189,34.58484],[132.28442,34.58408],[132.27172,34.57318],[132.25435,34.57572],[132.25019,34.57207],[132.24601,34.57531],[132.24152,34.57056],[132.23094,34.56986],[132.23087,34.57638],[132.22234,34.58071]]}},{"type":"Feature","properties":{"FAREACODE":"870709000102","RIVERNAME":"太田川下流","sourceLayer":0},"geometry":{"type":"LineString","coordinates":[[132.40562,34.36066],[132.45569,34.42427],[132.46561,34.42683],[132.48986,34.44281],[132.4875,34.45344],[132.49265,34.46439],[132.51152,34.48824],[132.50625,34.51095],[132.49404,34.51435]]}},{"type":"Feature","properties":{"FAREACODE":"870709002900","RIVERNAME":"三篠川","sourceLayer":0},"geometry":{"type":"LineString","coordinates":[[132.51119,34.48674],[132.52453,34.49175],[132.52963,34.48968],[132.53066,34.48392],[132.5461,34.48009],[132.55033,34.47282],[132.55707,34.47092],[132.55881,34.47838],[132.56536,34.47708],[132.56612,34.48236],[132.57787,34.48719],[132.57825,34.4939]]}},{"type":"Feature","properties":{"FAREACODE":"870709004700","RIVERNAME":"根谷川","sourceLayer":0},"geometry":{"type":"LineString","coordinates":[[132.51388,34.48939],[132.52045,34.50183],[132.51248,34.51193],[132.5181,34.52861]]}},{"type":"Feature","properties":{"FAREACODE":"870710000100","RIVERNAME":"芦田川","sourceLayer":0},"geometry":{"type":"LineString","coordinates":[[133.4203,34.42665],[133.36949,34.46054],[133.34401,34.48707],[133.34182,34.50324],[133.35758,34.52926],[133.32811,34.53122],[133.30246,34.54363],[133.28662,34.54184],[133.27375,34.55044],[133.25126,34.55196],[133.2385,34.55892],[133.22752,34.57218],[133.21358,34.5627],[133.21359,34.55344],[133.20826,34.55301],[133.19598,34.56001],[133.19675,34.57257],[133.18796,34.60067],[133.18359,34.59475],[133.17692,34.59518],[133.18073,34.59163],[133.17666,34.58893],[133.16882,34.5871],[133.15673,34.59209],[133.14543,34.58841]]}},{"type":"Feature","properties":{"FAREACODE":"870710001100","RIVERNAME":"高屋川","sourceLayer":0},"geometry":{"type":"LineString","coordinates":[[133.3406,34.4991],[133.35077,34.51632],[133.36391,34.52467],[133.36273,34.53897],[133.38684,34.54616]]}},{"type":"Feature","properties":{"FAREACODE":"340013000100","RIVERNAME":"沼田川水系沼田川","sourceLayer":0},"geometry":{"type":"LineString","coordinates":[[133.0913,34.38485],[133.04123,34.39243],[133.00996,34.40559],[132.99338,34.40172],[132.98248,34.40713],[132.9799,34.4219],[132.96355,34.43119],[132.95599,34.44023]]}},{"type":"Feature","properties":{"FAREACODE":"340021000100","RIVERNAME":"黒瀬川水系黒瀬川","sourceLayer":0},"geometry":{"type":"LineString","coordinates":[[132.60354,34.22542],[132.61245,34.2402],[132.62934,34.24925],[132.63392,34.28217]]}},{"type":"Feature","properties":{"FAREACODE":"870707000100","RIVERNAME":"佐波川","sourceLayer":0},"geometry":{"type":"LineString","coordinates":[[131.48783,34.02784],[131.51877,34.04759],[131.57536,34.07316],[131.58,34.0919],[131.5904,34.10538],[131.60051,34.10633],[131.60861,34.13151],[131.61818,34.13687],[131.61927,34.1454],[131.63089,34.15706],[131.63791,34.17924],[131.64821,34.18156],[131.66282,34.20007]]}},{"type":"Feature","properties":{"FAREACODE":"350002000102","RIVERNAME":"錦川水系錦川下流部","sourceLayer":0},"geometry":{"type":"MultiLineString","coordinates":[[[132.24956,34.16247],[132.22589,34.16339],[132.21244,34.15896],[132.18475,34.15789],[132.17626,34.16501],[132.18186,34.17246],[132.17488,34.184],[132.16444,34.16974],[132.14993,34.17443],[132.14276,34.1696],[132.13126,34.17284],[132.10365,34.17105],[132.09704,34.16665],[132.09494,34.15687],[132.08819,34.16514]],[[132.22546,34.12827],[132.21923,34.1472],[132.19926,34.15932]]]}},{"type":"Feature","properties":{"FAREACODE":"350002000103","RIVERNAME":"錦川水系錦川中流部","sourceLayer":0},"geometry":{"type":"LineString","coordinates":[[132.03766,34.19017],[132.03091,34.19817],[132.03426,34.20358],[132.03174,34.20953],[132.02365,34.20825],[132.01105,34.21504]]}},{"type":"Feature","properties":{"FAREACODE":"350019000100","RIVERNAME":"島田川水系島田川","sourceLayer":0},"geometry":{"type":"LineString","coordinates":[[131.92407,33.95895],[131.93045,33.9669],[131.93205,33.98426],[131.95811,33.98787],[131.97069,34.00327],[131.96895,34.01263],[131.99058,34.04187],[132.0062,34.05251],[132.0096,34.06063]]}},{"type":"Feature","properties":{"FAREACODE":"350036000100","RIVERNAME":"椹野川水系椹野川","sourceLayer":0},"geometry":{"type":"LineString","coordinates":[[131.39663,34.05046],[131.40695,34.09746],[131.40359,34.11819],[131.48375,34.17254],[131.48398,34.18138],[131.49951,34.18873],[131.51304,34.20431],[131.51146,34.21985]]}},{"type":"Feature","properties":{"FAREACODE":"350036001900","RIVERNAME":"椹野川水系仁保川","sourceLayer":0},"geometry":{"type":"LineString","coordinates":[[131.47478,34.1662],[131.50869,34.15964],[131.52326,34.17478]]}},{"type":"Feature","properties":{"FAREACODE":"350046000100","RIVERNAME":"厚東川水系厚東川","sourceLayer":0},"geometry":{"type":"LineString","coordinates":[[131.21373,33.94689],[131.22212,33.98265],[131.2293,33.99521],[131.24091,33.99799],[131.24516,34.00406],[131.24266,34.01191],[131.25142,34.02947],[131.28429,34.04221],[131.29188,34.06251],[131.28352,34.0714]]}},{"type":"Feature","properties":{"FAREACODE":"880806000100","RIVERNAME":"那賀川","sourceLayer":0},"geometry":{"type":"LineString","coordinates":[[134.69628,33.94368],[134.67282,33.9345],[134.64204,33.94139],[134.60281,33.93793],[134.57886,33.94212],[134.57473,33.92349],[134.55112,33.92389],[134.54956,33.9169],[134.54106,33.91266]]}},{"type":"Feature","properties":{"FAREACODE":"880807000100","RIVERNAME":"吉野川","sourceLayer":0},"geometry":{"type":"MultiLineString","coordinates":[[[134.60071,34.07835],[134.5378,34.10165],[134.50477,34.10816],[134.48893,34.10575],[134.47723,34.11405],[134.43595,34.10534],[134.4175,34.0954],[134.39463,34.09388],[134.38382,34.08663],[134.3616,34.09184],[134.33676,34.08663],[134.31817,34.06887],[134.29889,34.06279],[134.28361,34.06553],[134.27497,34.07194],[134.24732,34.07285],[134.23469,34.07087],[134.21539,34.06153],[134.193,34.06468],[134.17371,34.05747],[134.15957,34.05673],[134.1483,34.06464],[134.13245,34.06316],[134.11071,34.0533],[134.09035,34.05466],[134.08263,34.04867],[134.04369,34.04244],[134.02177,34.04433],[134.00427,34.03693],[133.98234,34.0413],[133.96914,34.03737],[133.92751,34.05008],[133.92118,34.04985],[133.90212,34.03305],[133.89179,34.03535],[133.88174,34.03152],[133.86054,34.03563],[133.82281,34.02895],[133.81251,34.03246]],[[134.33676,34.08663],[134.32825,34.08768],[134.30828,34.07799],[134.27497,34.07194]]]}},{"type":"Feature","properties":{"FAREACODE":"360007000100","RIVERNAME":"勝浦川水系勝浦川","sourceLayer":0},"geometry":{"type":"LineString","coordinates":[[134.59201,34.03684],[134.57089,34.04256],[134.56147,34.03521],[134.56338,34.02088],[134.55009,34.00332],[134.54465,33.98445],[134.55741,33.97473],[134.55715,33.9686],[134.5511,33.97],[134.54635,33.96382],[134.55231,33.94912],[134.53235,33.94343],[134.52738,33.93623],[134.50054,33.93379],[134.49844,33.93104]]}},{"type":"Feature","properties":{"FAREACODE":"880808000100","RIVERNAME":"土器川","sourceLayer":0},"geometry":{"type":"LineString","coordinates":[[133.79801,34.30653],[133.80588,34.29212],[133.82373,34.27802],[133.83738,34.25328],[133.83799,34.20074],[133.87343,34.18794],[133.88759,34.1743],[133.89474,34.17204]]}},{"type":"Feature","properties":{"FAREACODE":"370026000100","RIVERNAME":"香東川水系香東川","sourceLayer":0},"geometry":{"type":"LineString","coordinates":[[134.02261,34.35451],[134.00916,34.32597],[134.00703,34.30616],[134.01616,34.2897],[134.01489,34.2666],[134.02362,34.23738],[134.03587,34.22221]]}},{"type":"Feature","properties":{"FAREACODE":"880801000100","RIVERNAME":"重信川","sourceLayer":0},"geometry":{"type":"LineString","coordinates":[[132.68997,33.80351],[132.71739,33.80882],[132.72898,33.80444],[132.74746,33.80552],[132.75899,33.80282],[132.78877,33.7857],[132.82739,33.78518],[132.8478,33.78125],[132.88087,33.78474]]}},{"type":"Feature","properties":{"FAREACODE":"880802000100","RIVERNAME":"肱川","sourceLayer":0},"geometry":{"type":"MultiLineString","coordinates":[[[132.47638,33.61238],[132.51389,33.58729],[132.52251,33.5764],[132.53252,33.57483],[132.52911,33.56371],[132.54395,33.55866],[132.54923,33.55008],[132.56892,33.54358],[132.56157,33.52884],[132.5442,33.52325],[132.53929,33.51671],[132.54277,33.50949],[132.55228,33.5079],[132.55025,33.50409]],[[132.56911,33.54191],[132.57336,33.53496],[132.59299,33.53582]]]}},{"type":"Feature","properties":{"FAREACODE":"880803000100","RIVERNAME":"四万十川","sourceLayer":0},"geometry":{"type":"LineString","coordinates":[[132.9956,32.93245],[132.97638,32.94735],[132.96655,32.97136],[132.94011,32.97461],[132.91396,33.00339],[132.89017,33.00614]]}},{"type":"Feature","properties":{"FAREACODE":"880804000100","RIVERNAME":"仁淀川","sourceLayer":0},"geometry":{"type":"LineString","coordinates":[[133.48093,33.45854],[133.48002,33.46742],[133.46192,33.47435],[133.45928,33.48894],[133.44206,33.49929],[133.43048,33.52057],[133.42969,33.53863],[133.41089,33.55321],[133.39769,33.5452],[133.38908,33.5504]]}},{"type":"Feature","properties":{"FAREACODE":"880805000100","RIVERNAME":"物部川","sourceLayer":0},"geometry":{"type":"LineString","coordinates":[[133.68761,33.53444],[133.68152,33.55087],[133.68268,33.57204],[133.69386,33.59078],[133.7112,33.6023],[133.71632,33.6219]]}},{"type":"Feature","properties":{"FAREACODE":"890901000101","RIVERNAME":"遠賀川上流部","sourceLayer":0},"geometry":{"type":"LineString","coordinates":[[130.71463,33.68634],[130.71233,33.67787],[130.68955,33.66313],[130.68477,33.64956],[130.69416,33.63104],[130.72158,33.61065],[130.7189,33.59338],[130.71069,33.58373],[130.7102,33.57003],[130.74124,33.54774],[130.74764,33.53583]]}},{"type":"Feature","properties":{"FAREACODE":"890901000102","RIVERNAME":"遠賀川下流部","sourceLayer":0},"geometry":{"type":"MultiLineString","coordinates":[[[130.66092,33.90069],[130.67719,33.88912],[130.68265,33.85032],[130.68881,33.8366],[130.70666,33.82011],[130.70456,33.80117],[130.73184,33.75144],[130.7272,33.73603],[130.71418,33.72452],[130.70787,33.71285],[130.71463,33.68634]],[[130.71495,33.78626],[130.71614,33.77596],[130.7068,33.75864],[130.70688,33.75077],[130.69948,33.74035],[130.69261,33.73956],[130.68868,33.72623],[130.66202,33.72513],[130.63805,33.73296],[130.62703,33.72665],[130.6195,33.72699],[130.61298,33.71947]]]}},{"type":"Feature","properties":{"FAREACODE":"890901010300","RIVERNAME":"彦山川","sourceLayer":0},"geometry":{"type":"LineString","coordinates":[[130.73198,33.74916],[130.7355,33.72834],[130.7676,33.70938],[130.77641,33.68835],[130.78696,33.68241],[130.8048,33.65553],[130.83244,33.63743],[130.84736,33.62231],[130.85677,33.59846],[130.85567,33.59212],[130.84424,33.58383],[130.85322,33.57314],[130.85335,33.56352],[130.86155,33.55712],[130.86075,33.54514],[130.86556,33.53609],[130.86117,33.51718],[130.86953,33.49702]]}},{"type":"Feature","properties":{"FAREACODE":"890906000102","RIVERNAME":"筑後川下流部","sourceLayer":0},"geometry":{"type":"MultiLineString","coordinates":[[[130.35561,33.14075],[130.35203,33.17327],[130.36173,33.21443],[130.37811,33.22126],[130.38844,33.24349],[130.41088,33.25046],[130.42655,33.26952],[130.44913,33.27843],[130.45504,33.28583],[130.45447,33.29993],[130.45854,33.30446],[130.48216,33.30477],[130.50494,33.33043],[130.52387,33.32941]],[[130.33404,33.14276],[130.33461,33.15567],[130.3234,33.16352],[130.32099,33.16999],[130.33987,33.18528],[130.3405,33.20649],[130.35948,33.21104]],[[130.43474,33.27086],[130.4426,33.264],[130.45004,33.26485],[130.45329,33.27723],[130.45843,33.27765]]]}},{"type":"Feature","properties":{"FAREACODE":"890906000104","RIVERNAME":"筑後川上中流部","sourceLayer":0},"geometry":{"type":"MultiLineString","coordinates":[[[130.52387,33.32941],[130.54107,33.32438],[130.55268,33.32947],[130.5816,33.3273],[130.59886,33.34207],[130.61925,33.34411],[130.64953,33.36363],[130.70279,33.3616],[130.72838,33.37075],[130.75209,33.36411],[130.7668,33.36443],[130.78507,33.34835],[130.81325,33.36025],[130.82987,33.34952],[130.84417,33.33345],[130.8452,33.33882],[130.85061,33.33665],[130.87264,33.31141],[130.89468,33.31276],[130.90181,33.32163],[130.91668,33.31088],[130.9297,33.31218],[130.94776,33.30241]],[[130.90604,33.32021],[130.9127,33.32234],[130.92734,33.31922],[130.92971,33.3122]],[[130.94776,33.30241],[130.95376,33.30247]]]}},{"type":"Feature","properties":{"FAREACODE":"890907000100","RIVERNAME":"矢部川","sourceLayer":0},"geometry":{"type":"MultiLineString","coordinates":[[[130.41143,33.08668],[130.45439,33.13954],[130.45225,33.14634],[130.45995,33.1473],[130.46332,33.15562],[130.47115,33.15588],[130.4727,33.16521],[130.49461,33.17369],[130.50456,33.18235],[130.52611,33.18152],[130.53944,33.18484],[130.54619,33.18207]],[[130.42773,33.10385],[130.43188,33.10291]]]}},{"type":"Feature","properties":{"FAREACODE":"400018000100","RIVERNAME":"御笠川水系御笠川","sourceLayer":0},"geometry":{"type":"LineString","coordinates":[[130.40649,33.60877],[130.41143,33.6006],[130.4316,33.58662],[130.43769,33.57639]]}},{"type":"Feature","properties":{"FAREACODE":"890902000100","RIVERNAME":"松浦川","sourceLayer":0},"geometry":{"type":"LineString","coordinates":[[129.98055,33.45291],[129.99295,33.43197],[129.98669,33.41208],[129.97894,33.40276],[129.98791,33.38083],[129.99771,33.37683],[130.00874,33.36222],[130.00106,33.35344],[129.99163,33.35028],[129.99228,33.33664],[129.9699,33.3359],[129.97501,33.32693],[129.97006,33.31815],[129.97852,33.31419],[129.96542,33.3042],[129.96945,33.29186],[129.95707,33.25615],[129.9608,33.25457],[129.9662,33.25843]]}},{"type":"Feature","properties":{"FAREACODE":"890902001300","RIVERNAME":"徳須恵川","sourceLayer":0},"geometry":{"type":"LineString","coordinates":[[129.98262,33.40967],[129.94929,33.3876],[129.95493,33.37692],[129.93087,33.35532],[129.93857,33.34706],[129.93564,33.34135],[129.93159,33.34409],[129.92643,33.33798],[129.93704,33.33461],[129.93001,33.32706]]}},{"type":"Feature","properties":{"FAREACODE":"890902004900","RIVERNAME":"厳木川","sourceLayer":0},"geometry":{"type":"LineString","coordinates":[[130.00525,33.3578],[130.00508,33.35372],[130.03768,33.33878],[130.0392,33.32883],[130.03606,33.32584],[130.04145,33.3211],[130.04623,33.32505],[130.06466,33.32511],[130.06492,33.31453],[130.07196,33.3118],[130.09616,33.32323],[130.09609,33.32618]]}},{"type":"Feature","properties":{"FAREACODE":"890904000100","RIVERNAME":"六角川","sourceLayer":0},"geometry":{"type":"MultiLineString","coordinates":[[[130.23133,33.19172],[130.2164,33.19723],[130.20278,33.19408],[130.18843,33.20455],[130.17958,33.19944],[130.16797,33.20244],[130.16716,33.19174],[130.16019,33.18824],[130.15455,33.19275],[130.1364,33.19674],[130.142,33.20471],[130.13447,33.20895],[130.12635,33.20459],[130.13073,33.2005],[130.12714,33.19602],[130.11238,33.20197],[130.11045,33.21046],[130.10585,33.20785],[130.10603,33.20289],[130.09971,33.20258],[130.09953,33.20793],[130.08867,33.21404],[130.07079,33.21484],[130.05357,33.208],[130.05526,33.19462],[130.04839,33.18769],[130.0478,33.17201],[130.04191,33.16972]],[[130.05357,33.208],[130.04453,33.20737],[130.04202,33.20136]]]}},{"type":"Feature","properties":{"FAREACODE":"890904000300","RIVERNAME":"牛津川","sourceLayer":0},"geometry":{"type":"LineString","coordinates":[[130.18843,33.20454],[130.19431,33.20833],[130.19893,33.2058],[130.20154,33.21085],[130.19046,33.21758],[130.19501,33.22312],[130.18705,33.22767],[130.19588,33.24222],[130.19374,33.24773],[130.18602,33.25023],[130.18727,33.25332],[130.18304,33.25041],[130.16642,33.27624],[130.16264,33.27406],[130.15467,33.2779],[130.14131,33.27218],[130.12038,33.27301],[130.11589,33.27607],[130.11193,33.27109],[130.10137,33.27092],[130.08431,33.26205],[130.07556,33.25409],[130.06977,33.25532]]}},{"type":"Feature","properties":{"FAREACODE":"890905000100","RIVERNAME":"嘉瀬川","sourceLayer":0},"geometry":{"type":"LineString","coordinates":[[130.24941,33.19136],[130.24724,33.2102],[130.25497,33.22587],[130.24353,33.24254],[130.24376,33.26787],[130.25927,33.28274],[130.26049,33.29149],[130.27,33.2976],[130.27335,33.30682],[130.2688,33.32715]]}},{"type":"Feature","properties":{"FAREACODE":"890903000100","RIVERNAME":"本明川","sourceLayer":0},"geometry":{"type":"LineString","coordinates":[[130.09037,32.86366],[130.09062,32.86],[130.07501,32.84725],[130.05677,32.84535],[130.04437,32.84719],[130.0417,32.86066]]}},{"type":"Feature","properties":{"FAREACODE":"890908000100","RIVERNAME":"菊池川水系","sourceLayer":0},"geometry":{"type":"MultiLineString","coordinates":[[[130.52534,32.87898],[130.54287,32.9035],[130.54215,32.91928],[130.54892,32.92163],[130.55999,32.91819],[130.57103,32.93266],[130.58353,32.93278],[130.58372,32.95193],[130.59489,32.96408],[130.59701,32.97377],[130.60318,32.97697],[130.59834,32.98888],[130.6079,33.00086],[130.60165,33.01116],[130.61722,33.02459],[130.63012,33.02299],[130.63824,33.01405],[130.63747,33.00916],[130.65471,32.99997],[130.65879,33.00079],[130.65797,33.01033],[130.67683,33.01648],[130.69257,33.00335],[130.70262,33.00251],[130.70999,32.99478],[130.71723,32.99494],[130.73021,32.98775],[130.73695,32.97178],[130.74527,32.9639],[130.76646,32.9594],[130.77257,32.95425],[130.79727,32.95463],[130.80089,32.96392],[130.81283,32.97198]],[[130.72634,32.98797],[130.72998,32.98113],[130.72691,32.97723],[130.72895,32.96756],[130.72517,32.96532],[130.72158,32.94157],[130.72867,32.933],[130.76024,32.9299]]]}},{"type":"Feature","properties":{"FAREACODE":"890909000100","RIVERNAME":"白川","sourceLayer":0},"geometry":{"type":"LineString","coordinates":[[130.60384,32.78021],[130.64721,32.76928],[130.66927,32.7728],[130.68828,32.76973],[130.69374,32.79186],[130.71042,32.79732],[130.72238,32.81191],[130.72754,32.80947],[130.73182,32.81375],[130.73786,32.81168],[130.74242,32.8171]]}},{"type":"Feature","properties":{"FAREACODE":"890910000100","RIVERNAME":"緑川水系","sourceLayer":0},"geometry":{"type":"MultiLineString","coordinates":[[[130.60845,32.71569],[130.62969,32.70921],[130.6424,32.71474],[130.6461,32.72357],[130.6631,32.72756],[130.68018,32.7266],[130.694,32.7347],[130.72499,32.73726],[130.74964,32.73428],[130.75848,32.72631],[130.76413,32.7091],[130.7861,32.69695],[130.80581,32.67897],[130.80755,32.66453],[130.79988,32.65484],[130.80633,32.64524],[130.82355,32.64098],[130.83703,32.64291]],[[130.65696,32.70394],[130.65635,32.71068]],[[130.62969,32.70921],[130.64093,32.69298],[130.65066,32.69451],[130.65696,32.70394]],[[130.65113,32.72392],[130.67106,32.72967],[130.67879,32.7377],[130.68357,32.73448],[130.71301,32.74122],[130.73031,32.75073],[130.7471,32.75365],[130.75321,32.75979]],[[130.74964,32.73428],[130.772,32.73275],[130.78448,32.72264],[130.78488,32.71825],[130.79568,32.71555],[130.80032,32.70738],[130.80799,32.70522]]]}},{"type":"Feature","properties":{"FAREACODE":"890911000100","RIVERNAME":"球磨川","sourceLayer":0},"geometry":{"type":"MultiLineString","coordinates":[[[130.56639,32.47386],[130.59293,32.48743],[130.59789,32.49382],[130.62425,32.50004],[130.63066,32.49478],[130.63157,32.47575],[130.64977,32.46259],[130.66198,32.45931],[130.65186,32.45172],[130.66067,32.44347],[130.65478,32.43083],[130.64064,32.43002],[130.64693,32.42146],[130.64265,32.41295],[130.65199,32.39286],[130.65939,32.38631],[130.65192,32.3817],[130.65297,32.37421],[130.64394,32.36907],[130.63936,32.35718],[130.60921,32.34732],[130.60294,32.34038],[130.60069,32.32781],[130.6125,32.31091],[130.59859,32.2952],[130.60421,32.29139],[130.60344,32.28033],[130.6135,32.27844],[130.60814,32.27086],[130.60971,32.26666],[130.61909,32.26621],[130.65002,32.25045],[130.65669,32.25154],[130.65803,32.24174],[130.68418,32.24431],[130.70069,32.22818],[130.71134,32.22906],[130.71622,32.21888],[130.73989,32.20717],[130.77686,32.21509],[130.78262,32.21208],[130.78218,32.20458],[130.81188,32.20539],[130.82229,32.21341],[130.8309,32.21509],[130.83607,32.22161],[130.85297,32.22476],[130.87269,32.24207],[130.88736,32.24082],[130.89349,32.25344],[130.90334,32.26197],[130.91264,32.25981],[130.93068,32.27261],[130.94045,32.26944],[130.95975,32.2817],[130.98763,32.29],[131.0025,32.30628]],[[130.56867,32.50031],[130.58001,32.49463],[130.59668,32.49314]],[[130.57207,32.50649],[130.62124,32.49974]]]}},{"type":"Feature","properties":{"FAREACODE":"890917000100","RIVERNAME":"番匠川","sourceLayer":0},"geometry":{"type":"LineString","coordinates":[[131.92798,32.96268],[131.92169,32.95068],[131.91286,32.94635],[131.89078,32.94928],[131.87359,32.95843],[131.85337,32.9523],[131.83112,32.96775],[131.81274,32.95948],[131.80176,32.96446],[131.80438,32.95567],[131.79915,32.95187],[131.79093,32.95242],[131.78453,32.94418],[131.77695,32.94993]]}},{"type":"Feature","properties":{"FAREACODE":"890918000100","RIVERNAME":"大野川水系","sourceLayer":0},"geometry":{"type":"MultiLineString","coordinates":[[[131.69457,33.27511],[131.69471,33.2657],[131.70255,33.25135],[131.69413,33.22943],[131.69595,33.20046],[131.68211,33.19624],[131.68639,33.18359],[131.68007,33.1762],[131.67082,33.17094],[131.65508,33.17112],[131.64608,33.15901],[131.65775,33.13184]],[[131.66389,33.27418],[131.6742,33.24709],[131.69158,33.23602],[131.67923,33.20997],[131.67905,33.19224],[131.68518,33.18856]],[[131.6523,33.16623],[131.64331,33.16546]],[[131.64457,33.16533],[131.64227,33.16416]]]}},{"type":"Feature","properties":{"FAREACODE":"890919000100","RIVERNAME":"大分川","sourceLayer":0},"geometry":{"type":"LineString","coordinates":[[131.61747,33.26171],[131.62416,33.22908],[131.62148,33.22023],[131.60543,33.20266],[131.59564,33.19902],[131.58296,33.20691],[131.56674,33.2096],[131.55632,33.18955],[131.53693,33.19087],[131.53041,33.19928],[131.52819,33.19721]]}},{"type":"Feature","properties":{"FAREACODE":"890919001100","RIVERNAME":"七瀬川","sourceLayer":0},"geometry":{"type":"LineString","coordinates":[[131.59564,33.19902],[131.59653,33.19318],[131.58896,33.1912],[131.59133,33.1872],[131.57225,33.18308],[131.56664,33.17286],[131.54949,33.17797],[131.5473,33.17144]]}},{"type":"Feature","properties":{"FAREACODE":"890920000101","RIVERNAME":"山国川上流部","sourceLayer":0},"geometry":{"type":"LineString","coordinates":[[131.18333,33.54064],[131.1665,33.52842],[131.1682,33.5154],[131.17729,33.50829],[131.16975,33.50505],[131.17119,33.49268],[131.16028,33.49079],[131.1621,33.48353],[131.1494,33.47919],[131.14673,33.4706],[131.13975,33.46701],[131.13164,33.4705],[131.11464,33.46336],[131.11779,33.45781],[131.11321,33.45674],[131.11701,33.44795],[131.11399,33.44596]]}},{"type":"Feature","properties":{"FAREACODE":"890920000102","RIVERNAME":"山国川下流部","sourceLayer":0},"geometry":{"type":"MultiLineString","coordinates":[[[131.18537,33.61649],[131.17239,33.58442],[131.17276,33.57813],[131.18999,33.56232],[131.18333,33.54064]],[[131.19577,33.61615],[131.18909,33.60924],[131.17867,33.60625]]]}},{"type":"Feature","properties":{"FAREACODE":"440008000100","RIVERNAME":"駅館川水系駅館川","sourceLayer":0},"geometry":{"type":"LineString","coordinates":[[131.36778,33.57832],[131.36932,33.55792],[131.34562,33.52296],[131.34505,33.51496],[131.32958,33.50912],[131.32268,33.50118]]}},{"type":"Feature","properties":{"FAREACODE":"890914000101","RIVERNAME":"大淀川上流部","sourceLayer":0},"geometry":{"type":"MultiLineString","coordinates":[[[131.11806,31.86981],[131.11355,31.85988],[131.11325,31.83475],[131.11657,31.82842],[131.12704,31.82305],[131.11013,31.80078],[131.10129,31.79641],[131.09282,31.79734],[131.09008,31.79074],[131.07704,31.7865],[131.0755,31.77571],[131.06767,31.77478],[131.06283,31.75827],[131.06442,31.74352],[131.05281,31.73057],[131.05414,31.71139],[131.05075,31.71091]],[[131.06767,31.77478],[131.05757,31.77535]],[[131.06371,31.75349],[131.07797,31.75034]]]}},{"type":"Feature","properties":{"FAREACODE":"890914000102","RIVERNAME":"大淀川下流部","sourceLayer":0},"geometry":{"type":"LineString","coordinates":[[131.4615,31.89463],[131.45008,31.89448],[131.40603,31.91153],[131.40271,31.92014],[131.40756,31.93154],[131.40594,31.94567],[131.39277,31.95825],[131.3745,31.95911],[131.36468,31.95018],[131.34662,31.94837],[131.33861,31.94068],[131.32477,31.94269],[131.30305,31.95464],[131.29142,31.95166],[131.28009,31.94059],[131.27071,31.94966],[131.26436,31.94691],[131.26309,31.94054],[131.25257,31.94073]]}},{"type":"Feature","properties":{"FAREACODE":"890914003300","RIVERNAME":"本庄川","sourceLayer":0},"geometry":{"type":"LineString","coordinates":[[131.3745,31.95911],[131.37266,31.96726],[131.35058,31.98077],[131.32668,31.97948],[131.30662,31.99117],[131.29234,31.99497],[131.2584,31.99164],[131.24912,31.99534],[131.2345,31.99113],[131.22623,31.99385],[131.22763,31.99923]]}},{"type":"Feature","properties":{"FAREACODE":"890915000100","RIVERNAME":"小丸川","sourceLayer":0},"geometry":{"type":"LineString","coordinates":[[131.53942,32.12772],[131.52191,32.13206],[131.51316,32.14491],[131.50332,32.15055],[131.49166,32.15079],[131.47215,32.16359],[131.45713,32.16396],[131.44845,32.16897]]}},{"type":"Feature","properties":{"FAREACODE":"890916000100","RIVERNAME":"五ヶ瀬川・大瀬川","sourceLayer":0},"geometry":{"type":"MultiLineString","coordinates":[[[131.71526,32.59096],[131.69319,32.59159],[131.67608,32.58347],[131.64772,32.58523],[131.6298,32.58224],[131.6337,32.56975],[131.62261,32.56418],[131.60784,32.56587],[131.5985,32.563]],[[131.70289,32.58005],[131.68425,32.58517],[131.66021,32.57543],[131.65021,32.56338],[131.62417,32.56451]]]}},{"type":"Feature","properties":{"FAREACODE":"450026000100","RIVERNAME":"清武川水系清武川","sourceLayer":0},"geometry":{"type":"LineString","coordinates":[[131.45257,31.83091],[131.44816,31.83573],[131.43131,31.83656],[131.40775,31.85275],[131.39515,31.85196],[131.38853,31.86294],[131.37339,31.86034],[131.36428,31.86835],[131.36475,31.87658],[131.35814,31.88027],[131.35728,31.8778]]}},{"type":"Feature","properties":{"FAREACODE":"450040000100","RIVERNAME":"広渡川水系広渡川","sourceLayer":0},"geometry":{"type":"LineString","coordinates":[[131.40948,31.58921],[131.37701,31.62389],[131.38445,31.62784],[131.38433,31.6316],[131.37097,31.638],[131.38026,31.64448],[131.36694,31.66614],[131.38181,31.67552],[131.38372,31.68914],[131.3793,31.69412],[131.37154,31.69291]]}},{"type":"Feature","properties":{"FAREACODE":"450040000700","RIVERNAME":"広渡川水系酒谷川","sourceLayer":0},"geometry":{"type":"LineString","coordinates":[[131.39642,31.60053],[131.36431,31.63046],[131.35687,31.6227],[131.35041,31.62253],[131.34688,31.62944],[131.33298,31.61279],[131.32675,31.61395]]}},{"type":"Feature","properties":{"FAREACODE":"890912000101","RIVERNAME":"川内川上流部","sourceLayer":0},"geometry":{"type":"MultiLineString","coordinates":[[[130.49398,31.98876],[130.50454,32.00677],[130.51219,32.00475],[130.52913,32.01225],[130.55027,32.00262],[130.58638,32.01717],[130.59634,32.01302],[130.60891,32.01825],[130.62547,32.00723],[130.63634,32.00502],[130.64356,31.99264],[130.65841,31.99177],[130.65849,31.98381],[130.66979,31.98404],[130.67557,31.97671],[130.68825,31.97063],[130.68993,31.96438],[130.70299,31.96087],[130.70637,31.94782],[130.73614,31.96137],[130.73807,31.97792],[130.7464,31.99231],[130.74227,31.99948],[130.74473,32.00888],[130.73925,32.0342],[130.74771,32.04124],[130.75784,32.04094],[130.76189,32.05135],[130.76962,32.04988],[130.7718,32.05958],[130.78769,32.06218],[130.79951,32.05443],[130.8124,32.05334],[130.81797,32.04684],[130.82827,32.04735],[130.83982,32.04087],[130.86022,32.0438],[130.86699,32.05276],[130.8747,32.04966]],[[130.79951,32.05443],[130.80761,32.05111],[130.81227,32.0428]],[[130.70944,31.94969],[130.71047,31.94216]]]}},{"type":"Feature","properties":{"FAREACODE":"890912000102","RIVERNAME":"川内川下流部","sourceLayer":0},"geometry":{"type":"MultiLineString","coordinates":[[[130.19503,31.85045],[130.22839,31.8315],[130.24776,31.8322],[130.26754,31.82785],[130.29395,31.81688],[130.31335,31.82172],[130.32203,31.8487],[130.31749,31.85773],[130.3281,31.86209],[130.35581,31.85826],[130.35787,31.84928],[130.36581,31.85731],[130.37031,31.85822],[130.37368,31.85219],[130.38084,31.85684],[130.38764,31.85305],[130.39943,31.86104],[130.40335,31.85862],[130.40154,31.85416],[130.40939,31.85287],[130.41921,31.86286],[130.42954,31.86606],[130.43209,31.88101],[130.44357,31.90306],[130.44066,31.90841],[130.44693,31.90486],[130.45211,31.90633],[130.45998,31.91206],[130.46134,31.92317],[130.47419,31.92437],[130.46254,31.94375],[130.46897,31.95619],[130.50125,31.95598],[130.49911,31.95895],[130.50741,31.97666],[130.49662,31.97982],[130.49398,31.98876]],[[130.29395,31.81688],[130.30668,31.81142],[130.3087,31.80537]],[[130.32572,31.86113],[130.33781,31.87148]]]}},{"type":"Feature","properties":{"FAREACODE":"890913000100","RIVERNAME":"肝属川水系","sourceLayer":0},"geometry":{"type":"MultiLineString","coordinates":[[[131.01653,31.35793],[130.99138,31.356],[130.96475,31.36629],[130.93508,31.35896],[130.92254,31.36322],[130.90132,31.35525],[130.88778,31.35691],[130.87731,31.36985],[130.8546,31.37745],[130.85019,31.38708],[130.85721,31.39207],[130.856,31.40535],[130.84585,31.41601],[130.84759,31.41825]],[[130.97301,31.36293],[130.96157,31.38131],[130.9599,31.40846],[130.95256,31.4179],[130.95501,31.43308],[130.94428,31.43909],[130.94216,31.44693]],[[130.95749,31.36455],[130.94175,31.34461],[130.94496,31.34148],[130.94162,31.3365],[130.95067,31.32184]],[[130.90516,31.35729],[130.90006,31.34153],[130.90266,31.32752],[130.89874,31.32271],[130.90354,31.30691],[130.91286,31.30391]]]}},{"type":"Feature","properties":{"FAREACODE":"460060000100","RIVERNAME":"万之瀬川水系万之瀬川・加世田川","sourceLayer":0},"geometry":{"type":"MultiLineString","coordinates":[[[130.28918,31.44885],[130.30045,31.44241],[130.31164,31.44741],[130.32798,31.43716],[130.32183,31.42824],[130.33333,31.42629],[130.33617,31.42018],[130.34856,31.4145],[130.36576,31.41076],[130.36472,31.40284],[130.36822,31.39759],[130.37447,31.39773],[130.38189,31.37945],[130.39623,31.38403],[130.40314,31.3974],[130.41196,31.40126],[130.41135,31.40537],[130.42191,31.4121],[130.42172,31.41585]],[[130.33542,31.42249],[130.31241,31.40337],[130.31915,31.3938],[130.31349,31.39183],[130.31068,31.38052]]]}},{"type":"Feature","properties":{"FAREACODE":"830305000500","RIVERNAME":"野川・仙川","sourceLayer":0},"geometry":{"type":"MultiLineString","coordinates":[[[139.62928,35.60788],[139.59406,35.63516],[139.58585,35.64638],[139.57667,35.65085],[139.56593,35.64904],[139.54298,35.66553],[139.51842,35.69148],[139.49088,35.69733]],[[139.61259,35.62029],[139.60192,35.64002],[139.598,35.66113],[139.58096,35.66622],[139.56664,35.68424]]]}},{"type":"Feature","properties":{"FAREACODE":"830304004700","RIVERNAME":"妙正寺川","sourceLayer":0},"geometry":{"type":"LineString","coordinates":[[139.69727,35.71534],[139.68039,35.71407],[139.67038,35.72367],[139.66894,35.71807],[139.65775,35.71546],[139.64396,35.71491],[139.63826,35.72237],[139.61868,35.71717]]}},{"type":"Feature","properties":{"FAREACODE":"870712000103","RIVERNAME":"旭川水系旭川中流部","sourceLayer":0},"geometry":{"type":"LineString","coordinates":[[133.96588,34.72478],[133.95698,34.72734],[133.96334,34.73867],[133.95928,34.75733],[133.96923,34.76226],[133.97009,34.7682],[133.95901,34.77041],[133.95427,34.77603],[133.94529,34.76859],[133.93742,34.76926],[133.92645,34.77792],[133.93805,34.79369],[133.93656,34.80217],[133.94363,34.81407],[133.94286,34.82435],[133.92924,34.82765],[133.93211,34.84284],[133.92644,34.84255],[133.9152,34.83296],[133.90357,34.83201],[133.91093,34.84935],[133.90873,34.86076],[133.90149,34.86699],[133.90417,34.87895],[133.88845,34.88686],[133.8876,34.89308],[133.89455,34.89383],[133.89326,34.89831],[133.88027,34.90194]]}},{"type":"Feature","properties":{"FAREACODE":"830304003200","RIVERNAME":"石神井川","sourceLayer":0},"geometry":{"type":"LineString","coordinates":[[139.74836,35.75806],[139.72616,35.75006],[139.71177,35.75914],[139.70474,35.75542],[139.69325,35.75763],[139.6877,35.75176],[139.6738,35.75515],[139.67117,35.75012],[139.65598,35.74878],[139.64684,35.74397],[139.62185,35.74636],[139.61784,35.73951],[139.60875,35.73986],[139.56668,35.72469],[139.54596,35.72754],[139.53782,35.72214],[139.5183,35.71995]]}},{"type":"Feature","properties":{"FAREACODE":"830304007000","RIVERNAME":"越辺川・都幾川・高麗川","sourceLayer":0},"geometry":{"type":"MultiLineString","coordinates":[[[139.49419,35.9563],[139.46521,35.96159],[139.45487,35.97693],[139.43872,35.98518],[139.43182,35.99793],[139.40543,35.98576],[139.35545,35.97651],[139.34783,35.96677],[139.34318,35.96737]],[[139.42983,35.99776],[139.42331,35.99867],[139.42517,36.00441],[139.42161,36.0077],[139.39133,36.01531],[139.38825,36.02037],[139.37192,36.02288],[139.36881,36.01913]],[[139.39586,35.98435],[139.38605,35.97555],[139.38608,35.96309],[139.36818,35.95267],[139.35624,35.93926]]]}},{"type":"Feature","properties":{"FAREACODE":"830304007100","RIVERNAME":"入間川・小畔川","sourceLayer":0},"geometry":{"type":"MultiLineString","coordinates":[[[139.54668,35.90916],[139.53906,35.91986],[139.53528,35.94169],[139.52942,35.94973],[139.50211,35.95648],[139.47097,35.9565],[139.46424,35.93559],[139.45462,35.92965],[139.45313,35.91986],[139.44405,35.912]],[[139.47855,35.9583],[139.46787,35.95664],[139.43503,35.92988]]]}},{"type":"Feature","properties":{"FAREACODE":"840403000104","RIVERNAME":"信濃川水系千曲川下流","sourceLayer":0},"geometry":{"type":"LineString","coordinates":[[138.58549,36.98866],[138.57816,36.98572],[138.5657,36.98788],[138.57012,36.97633],[138.56659,36.97372],[138.55885,36.98158],[138.54883,36.97597],[138.54301,36.98284],[138.53517,36.98441],[138.52474,36.98193],[138.51653,36.98431],[138.49992,36.97755],[138.49284,36.98042],[138.48227,36.97669],[138.46166,36.97679],[138.45582,36.96946],[138.43131,36.95529],[138.43175,36.94519],[138.42242,36.94664],[138.42054,36.93608]]}},{"type":"Feature","properties":{"FAREACODE":"840403000105","RIVERNAME":"信濃川上流","sourceLayer":0},"geometry":{"type":"LineString","coordinates":[[138.69869,37.0668],[138.68683,37.06027],[138.68411,37.05175],[138.66149,37.04009],[138.66197,37.02658],[138.64352,37.02494],[138.63827,37.01507],[138.64002,37.00436],[138.6164,37.00212],[138.6161,36.99695],[138.60827,36.99362],[138.6,36.999],[138.58785,36.99347],[138.58549,36.98866]]}},{"type":"Feature","properties":{"FAREACODE":"810108010400","RIVERNAME":"途別川","sourceLayer":1,"sourceRiverName":"途別川"},"geometry":{"type":"LineString","coordinates":[[143.3105,42.92389],[143.26945,42.90715],[143.2574,42.90787],[143.23751,42.88789],[143.22657,42.85146],[143.22137,42.84714],[143.22222,42.84018],[143.20055,42.80402],[143.20443,42.75634],[143.20172,42.71499]]}},{"type":"Feature","properties":{"FAREACODE":"810108016600","RIVERNAME":"十勝川水系美生川","sourceLayer":1,"sourceRiverName":"美生川"},"geometry":{"type":"LineString","coordinates":[[143.06883,42.93086],[143.06174,42.90739],[143.04306,42.88595],[143.04054,42.8736],[143.0251,42.85814],[143.01893,42.84465],[142.99491,42.83046],[142.99,42.81487],[142.94626,42.79615],[142.93371,42.79646],[142.9222,42.79001],[142.91672,42.79155],[142.90742,42.78693],[142.88967,42.78942],[142.82667,42.81704],[142.82548,42.83162],[142.81856,42.83327],[142.81401,42.84115],[142.81456,42.85138],[142.80232,42.86139],[142.78619,42.86842]]}},{"type":"Feature","properties":{"FAREACODE":"810108010401","RIVERNAME":"十勝川水系途別川上流","sourceLayer":1,"sourceRiverName":"途別川"},"geometry":{"type":"LineString","coordinates":[[143.3105,42.92389],[143.26945,42.90715],[143.2574,42.90787],[143.23751,42.88789],[143.22657,42.85146],[143.22137,42.84714],[143.22222,42.84018],[143.20055,42.80402],[143.20443,42.75634],[143.20172,42.71499]]}},{"type":"Feature","properties":{"FAREACODE":"830304004900","RIVERNAME":"善福寺川","sourceLayer":1,"sourceRiverName":"善福寺川"},"geometry":{"type":"LineString","coordinates":[[139.66325,35.68768],[139.65135,35.68492],[139.64475,35.68916],[139.64412,35.68366],[139.63997,35.68349],[139.63218,35.68798],[139.63273,35.69537],[139.62534,35.69153],[139.6248,35.69652],[139.60745,35.70861],[139.59978,35.70747],[139.59603,35.71397],[139.59332,35.71295]]}},{"type":"Feature","properties":{"FAREACODE":"880801000200","RIVERNAME":"石手川","sourceLayer":1,"sourceRiverName":"石手川"},"geometry":{"type":"LineString","coordinates":[[132.73044,33.80429],[132.75628,33.81742],[132.76975,33.83174],[132.80833,33.85137],[132.81658,33.86299],[132.82739,33.86576],[132.83707,33.87611],[132.83651,33.88968],[132.84822,33.89615],[132.84816,33.89962],[132.85931,33.89701],[132.8709,33.90021],[132.88693,33.92297],[132.89769,33.93023],[132.91991,33.9362]]}},{"type":"Feature","properties":{"FAREACODE":"880802000103","RIVERNAME":"肱川水系肱川（菅田～鹿野川）","sourceLayer":1,"sourceRiverName":"肱川"},"geometry":{"type":"LineString","coordinates":[[132.68551,33.45013],[132.69828,33.42953],[132.69005,33.42001],[132.70116,33.42218],[132.70258,33.41625],[132.7085,33.41308],[132.708,33.40762],[132.70323,33.40358],[132.67161,33.39706],[132.66921,33.39239],[132.64921,33.39062],[132.644,33.38113],[132.64861,33.37035],[132.63645,33.3674],[132.62957,33.35933],[132.61947,33.3584],[132.61641,33.3619],[132.60597,33.35187],[132.56053,33.33859],[132.54748,33.34298],[132.53976,33.34153],[132.53274,33.34674],[132.53331,33.3522],[132.51163,33.35975],[132.49792,33.37576],[132.49791,33.38551],[132.51145,33.41337],[132.50919,33.42422],[132.5176,33.44043],[132.51126,33.44863],[132.50337,33.45026]]}},{"type":"Feature","properties":{"FAREACODE":"890907000103","RIVERNAME":"矢部川中流部","sourceLayer":1,"sourceRiverName":"矢部川"},"geometry":{"type":"LineString","coordinates":[[130.41143,33.08668],[130.45439,33.13954],[130.45225,33.14634],[130.45995,33.1473],[130.46332,33.15562],[130.47115,33.15588],[130.4727,33.16521],[130.49461,33.17369],[130.50456,33.18235],[130.52611,33.18152],[130.53944,33.18484],[130.54759,33.18186],[130.56846,33.19395],[130.56774,33.20074],[130.57363,33.20559],[130.59586,33.21273],[130.61173,33.20692],[130.62404,33.21393],[130.63671,33.20573],[130.65649,33.20489],[130.67623,33.2136],[130.68805,33.20993],[130.6965,33.21191],[130.71146,33.2067],[130.71769,33.18299],[130.72352,33.18008],[130.73885,33.17946],[130.74319,33.18231],[130.74865,33.17983],[130.75599,33.18284],[130.77085,33.1748],[130.77837,33.17816],[130.7987,33.15646],[130.8136,33.15561],[130.81738,33.14986],[130.84459,33.13632],[130.86704,33.1394]]}}]}
